order,condition,camera,light,resolution,depth_bias,slope_bias,pcf,debug,enabled,repeat,sample,cpu_encode_ms,cpu_submit_ms,native_queue_wait_ms,native_queue_completion_wall_ms
0,0,0,0,512,1,1,3,0,1,0,0,0.033379,2.71011,0.510994,3.254483
0,0,0,0,512,1,1,3,0,1,0,1,0.07540100000000001,2.566408,0.5303629999999999,3.172172
0,0,0,0,512,1,1,3,0,1,0,2,0.035633000000000005,2.657652,0.544154,3.2374389999999997
0,0,0,0,512,1,1,3,0,1,0,3,0.03383,2.765041,0.550612,3.3494829999999998
0,0,0,0,512,1,1,3,0,1,0,4,0.033389,2.640537,0.5025919999999999,3.176518
0,0,0,0,512,1,1,3,0,1,0,5,0.03399,2.3855109999999997,0.583501,3.003002
0,0,0,0,512,1,1,3,0,1,0,6,0.033829,2.524046,0.6027089999999999,3.160584
0,0,0,0,512,1,1,3,0,1,0,7,0.099657,2.516955,0.578694,3.195306
0,0,0,0,512,1,1,3,0,1,0,8,0.02683,2.5007050000000004,0.48879200000000006,3.016327
0,0,0,0,512,1,1,3,0,1,0,9,0.04723,2.7654419999999997,0.457265,3.269937
1,1,0,0,256,1,1,3,0,1,0,0,0.029965,2.63576,0.56922,3.2349449999999997
1,1,0,0,256,1,1,3,0,1,0,1,0.032117,2.5572500000000002,0.595279,3.1846460000000003
1,1,0,0,256,1,1,3,0,1,0,2,0.036414,2.434053,0.50869,2.9791570000000003
1,1,0,0,256,1,1,3,0,1,0,3,0.034520999999999996,2.5296239999999997,0.473919,3.038064
1,1,0,0,256,1,1,3,0,1,0,4,0.036282999999999996,4.685245,0.612274,5.333802
1,1,0,0,256,1,1,3,0,1,0,5,0.041581,2.5612299999999997,0.584102,3.186913
1,1,0,0,256,1,1,3,0,1,0,6,0.036934,2.503425,0.498576,3.038935
1,1,0,0,256,1,1,3,0,1,0,7,0.035673,2.6343680000000003,0.680004,3.3500449999999997
1,1,0,0,256,1,1,3,0,1,0,8,0.09519999999999999,2.672975,0.476944,3.245119
1,1,0,0,256,1,1,3,0,1,0,9,0.029314,2.557054,0.5726950000000001,3.159063
2,2,0,0,1024,1,1,3,0,1,0,0,0.029153000000000002,3.048038,0.569901,3.6470920000000002
2,2,0,0,1024,1,1,3,0,1,0,1,0.028692,3.3924670000000003,0.572044,3.993203
2,2,0,0,1024,1,1,3,0,1,0,2,0.028822999999999998,3.13027,0.552686,3.711779
2,2,0,0,1024,1,1,3,0,1,0,3,0.149651,3.078834,0.574498,3.802983
2,2,0,0,1024,1,1,3,0,1,0,4,0.029252999999999998,3.07559,0.714229,3.8190720000000002
2,2,0,0,1024,1,1,3,0,1,0,5,0.084635,2.908192,0.437967,3.430794
2,2,0,0,1024,1,1,3,0,1,0,6,0.040489,2.897307,0.512877,3.450673
2,2,0,0,1024,1,1,3,0,1,0,7,0.038447,3.020497,0.466329,3.5252730000000003
2,2,0,0,1024,1,1,3,0,1,0,8,0.038768,3.215005,0.490354,3.7441269999999998
2,2,0,0,1024,1,1,3,0,1,0,9,0.038988,3.21836,0.538595,3.795943
3,3,0,0,512,0,1,3,0,1,0,0,0.028723,2.711612,0.545945,3.28628
3,3,0,0,512,0,1,3,0,1,0,1,0.028901999999999997,2.728578,0.45237700000000003,3.209857
3,3,0,0,512,0,1,3,0,1,0,2,0.037806,2.54766,0.46654900000000005,3.052015
3,3,0,0,512,0,1,3,0,1,0,3,0.035692,2.594911,0.485977,3.11658
3,3,0,0,512,0,1,3,0,1,0,4,0.035412,2.783859,0.500428,3.319699
3,3,0,0,512,0,1,3,0,1,0,5,0.041442,2.499228,0.475131,3.0158009999999997
3,3,0,0,512,0,1,3,0,1,0,6,0.037355,2.4417340000000003,0.563321,3.0424100000000003
3,3,0,0,512,0,1,3,0,1,0,7,0.044134999999999994,2.4142780000000004,0.504414,2.962827
3,3,0,0,512,0,1,3,0,1,0,8,0.082802,2.558056,0.461772,3.10263
3,3,0,0,512,0,1,3,0,1,0,9,0.033449,2.862295,0.46547700000000003,3.361221
4,4,0,0,512,2,1,3,0,1,0,0,0.027781,2.586287,0.504765,3.118833
4,4,0,0,512,2,1,3,0,1,0,1,0.024456000000000002,2.55453,0.509933,3.0889189999999997
4,4,0,0,512,2,1,3,0,1,0,2,0.024095,2.860933,0.47060500000000005,3.3556329999999996
4,4,0,0,512,2,1,3,0,1,0,3,0.02717,2.606678,0.559235,3.193083
4,4,0,0,512,2,1,3,0,1,0,4,0.026789999999999998,2.542502,0.500088,3.06938
4,4,0,0,512,2,1,3,0,1,0,5,0.027381000000000003,2.711091,0.5150899999999999,3.253562
4,4,0,0,512,2,1,3,0,1,0,6,0.031296,2.74403,0.475522,3.2508480000000004
4,4,0,0,512,2,1,3,0,1,0,7,0.028221999999999997,2.548331,0.478516,3.055069
4,4,0,0,512,2,1,3,0,1,0,8,0.025137,2.652835,0.451447,3.129419
4,4,0,0,512,2,1,3,0,1,0,9,0.025527,2.556804,0.515161,3.097492
5,5,0,0,512,1,0,3,0,1,0,0,0.030735000000000002,2.6207380000000002,0.44093099999999996,3.092404
5,5,0,0,512,1,0,3,0,1,0,1,0.046038,2.793062,0.454511,3.2936110000000003
5,5,0,0,512,1,0,3,0,1,0,2,0.028051,2.91985,0.490724,3.438625
5,5,0,0,512,1,0,3,0,1,0,3,0.041041,3.098318,0.48747999999999997,3.6268390000000004
5,5,0,0,512,1,0,3,0,1,0,4,0.099186,2.541401,0.45402000000000003,3.094607
5,5,0,0,512,1,0,3,0,1,0,5,0.040129000000000005,2.5141500000000003,0.45381000000000005,3.008089
5,5,0,0,512,1,0,3,0,1,0,6,0.035061,2.509354,0.454541,2.998956
5,5,0,0,512,1,0,3,0,1,0,7,0.035462,2.33081,0.461071,2.827343
5,5,0,0,512,1,0,3,0,1,0,8,0.039588,2.3768079999999996,0.464426,2.8808219999999998
5,5,0,0,512,1,0,3,0,1,0,9,0.034791,2.3308999999999997,1.7970620000000002,4.162753
6,6,0,0,512,1,2,3,0,1,0,0,0.037465,2.509448,0.540738,3.0876509999999997
6,6,0,0,512,1,2,3,0,1,0,1,0.036322999999999994,2.390549,0.53567,2.962542
6,6,0,0,512,1,2,3,0,1,0,2,0.038497,2.648128,0.5172329999999999,3.203858
6,6,0,0,512,1,2,3,0,1,0,3,0.036694,5.233164,0.924539,6.1943969999999995
6,6,0,0,512,1,2,3,0,1,0,4,0.048221,2.448133,0.565505,3.061859
6,6,0,0,512,1,2,3,0,1,0,5,0.037425,2.374384,0.46346400000000004,2.875273
6,6,0,0,512,1,2,3,0,1,0,6,0.035392,2.564765,0.43411099999999997,3.034268
6,6,0,0,512,1,2,3,0,1,0,7,0.036213,2.543674,0.466499,3.046386
6,6,0,0,512,1,2,3,0,1,0,8,0.034471,2.346783,0.465848,2.8471019999999996
6,6,0,0,512,1,2,3,0,1,0,9,0.034882,2.267526,0.491336,2.793744
7,7,0,0,512,1,1,1,0,1,0,0,0.035683,2.092488,0.45460100000000003,2.5827720000000003
7,7,0,0,512,1,1,1,0,1,0,1,0.036123,3.1992570000000002,0.470094,3.7054739999999997
7,7,0,0,512,1,1,1,0,1,0,2,0.038347,2.169522,0.5018,2.709669
7,7,0,0,512,1,1,1,0,1,0,3,0.037034,1.9619759999999997,0.450315,2.449325
7,7,0,0,512,1,1,1,0,1,0,4,0.039037,2.047242,0.495191,2.5814700000000004
7,7,0,0,512,1,1,1,0,1,0,5,0.031106,1.90328,0.523292,2.457678
7,7,0,0,512,1,1,1,0,1,0,6,0.040801,2.149497,0.5462760000000001,2.736574
7,7,0,0,512,1,1,1,0,1,0,7,0.028553,2.3194130000000004,0.474039,2.822005
7,7,0,0,512,1,1,1,0,1,0,8,0.037095,2.4652480000000003,0.5352100000000001,3.037553
7,7,0,0,512,1,1,1,0,1,0,9,0.029204,2.10034,0.448221,2.5777650000000003
8,8,0,0,512,1,1,5,0,1,0,0,0.039187,3.092685,0.45578300000000005,3.587655
8,8,0,0,512,1,1,5,0,1,0,1,0.035883000000000005,3.08338,0.459118,3.578381
8,8,0,0,512,1,1,5,0,1,0,2,0.033800000000000004,3.343004,0.503483,3.880287
8,8,0,0,512,1,1,5,0,1,0,3,0.027801,3.325138,0.487729,3.8406680000000004
8,8,0,0,512,1,1,5,0,1,0,4,0.028021,3.157961,0.557523,3.743505
8,8,0,0,512,1,1,5,0,1,0,5,0.028522,3.351527,0.543743,3.9237919999999997
8,8,0,0,512,1,1,5,0,1,0,6,0.027750999999999998,3.20464,0.531384,3.763775
8,8,0,0,512,1,1,5,0,1,0,7,0.027351,3.442511,0.5966600000000001,4.066522
8,8,0,0,512,1,1,5,0,1,0,8,0.028973,3.105814,0.5245340000000001,3.6593210000000003
8,8,0,0,512,1,1,5,0,1,0,9,0.027801,3.099013,0.485707,3.612521
9,9,0,0,512,1,1,3,0,0,0,0,0.020841,1.161624,0.46774099999999996,1.650206
9,9,0,0,512,1,1,3,0,0,0,1,0.02067,1.379056,0.479267,1.8789930000000001
9,9,0,0,512,1,1,3,0,0,0,2,0.028563,1.486113,0.536301,2.050977
9,9,0,0,512,1,1,3,0,0,0,3,0.035032,1.3373529999999998,0.465588,1.8379729999999999
9,9,0,0,512,1,1,3,0,0,0,4,0.023674999999999998,1.1483750000000001,0.504244,1.676294
9,9,0,0,512,1,1,3,0,0,0,5,0.022292,1.267912,0.6692980000000001,1.959502
9,9,0,0,512,1,1,3,0,0,0,6,0.023405,1.208754,0.449523,1.6816820000000001
9,9,0,0,512,1,1,3,0,0,0,7,0.021962000000000002,1.177789,0.424967,1.624718
9,9,0,0,512,1,1,3,0,0,0,8,0.022513,1.296604,1.434156,2.753273
9,9,0,0,512,1,1,3,0,0,0,9,0.022944,1.22657,0.452138,1.701652
10,10,0,0,512,1,1,3,1,1,0,0,0.024867,2.085127,0.45650399999999997,2.566498
10,10,0,0,512,1,1,3,1,1,0,1,0.025348,2.069544,0.601598,2.6964900000000003
10,10,0,0,512,1,1,3,1,1,0,2,0.026259,2.017808,0.486848,2.530915
10,10,0,0,512,1,1,3,1,1,0,3,0.037555000000000005,2.0771460000000004,0.56911,2.683811
10,10,0,0,512,1,1,3,1,1,0,4,0.024426,2.269199,0.443214,2.7368390000000002
10,10,0,0,512,1,1,3,1,1,0,5,0.024086,1.838143,0.449223,2.311452
10,10,0,0,512,1,1,3,1,1,0,6,0.022924,1.9917300000000002,0.482943,2.497597
10,10,0,0,512,1,1,3,1,1,0,7,0.035883000000000005,2.1102149999999997,0.42148199999999997,2.56758
10,10,0,0,512,1,1,3,1,1,0,8,0.032568,1.959803,0.437145,2.429516
10,10,0,0,512,1,1,3,1,1,0,9,0.032978999999999994,2.0920270000000003,0.431417,2.556423
11,11,0,0,512,1,1,3,2,1,0,0,0.038336,2.339864,0.462382,2.840582
11,11,0,0,512,1,1,3,2,1,0,1,0.033549,2.420423,0.471987,2.925959
11,11,0,0,512,1,1,3,2,1,0,2,0.032859,2.333093,0.464906,2.830858
11,11,0,0,512,1,1,3,2,1,0,3,0.032318,2.393993,0.485927,2.9122380000000003
11,11,0,0,512,1,1,3,2,1,0,4,0.050524,2.545417,0.5482389999999999,3.14418
11,11,0,0,512,1,1,3,2,1,0,5,0.034771,2.3773589999999998,0.506477,2.918607
11,11,0,0,512,1,1,3,2,1,0,6,0.043204,2.855334,0.023475000000000003,2.922013
11,11,0,0,512,1,1,3,2,1,0,7,0.062903,2.500711,0.49388899999999997,3.057503
11,11,0,0,512,1,1,3,2,1,0,8,0.034900999999999995,3.072375,0.028002,3.135278
11,11,0,0,512,1,1,3,2,1,0,9,0.052888,2.462535,0.5171330000000001,3.032556
12,12,0,1,512,1,1,3,0,1,0,0,0.05397,2.288748,0.604422,2.94714
12,12,0,1,512,1,1,3,0,1,0,1,0.034341,2.754666,0.047309,2.836316
12,12,0,1,512,1,1,3,0,1,0,2,0.043495000000000006,2.2542069999999996,0.485566,2.783268
12,12,0,1,512,1,1,3,0,1,0,3,0.033169,2.690411,0.528781,3.252361
12,12,0,1,512,1,1,3,0,1,0,4,0.032829,2.881322,0.063514,2.977665
12,12,0,1,512,1,1,3,0,1,0,5,0.035763,2.762727,0.098656,2.897146
12,12,0,1,512,1,1,3,0,1,0,6,0.048352,2.352612,0.44062,2.8415839999999997
12,12,0,1,512,1,1,3,0,1,0,7,0.043474,2.429886,0.56201,3.03537
12,12,0,1,512,1,1,3,0,1,0,8,0.031646999999999995,2.5289319999999997,0.516582,3.0771610000000003
12,12,0,1,512,1,1,3,0,1,0,9,0.033179,2.549754,0.501099,3.084032
13,13,0,1,256,1,1,3,0,1,0,0,0.056814,2.619976,0.5085810000000001,3.1853710000000004
13,13,0,1,256,1,1,3,0,1,0,1,0.034741,2.524876,0.518045,3.077662
13,13,0,1,256,1,1,3,0,1,0,2,0.033399000000000005,2.452049,0.669358,3.154806
13,13,0,1,256,1,1,3,0,1,0,3,0.046539000000000004,3.3948400000000003,0.528481,3.9698600000000006
13,13,0,1,256,1,1,3,0,1,0,4,0.035132000000000004,2.527781,0.5273479999999999,3.090261
13,13,0,1,256,1,1,3,0,1,0,5,0.033609,2.549914,0.652022,3.2355449999999997
13,13,0,1,256,1,1,3,0,1,0,6,0.047299999999999995,2.664503,0.615658,3.327461
13,13,0,1,256,1,1,3,0,1,0,7,0.034641000000000005,3.5972500000000003,0.517664,4.149555
13,13,0,1,256,1,1,3,0,1,0,8,0.037345,2.5164839999999997,0.6526890000000001,3.2065180000000004
13,13,0,1,256,1,1,3,0,1,0,9,0.039739000000000003,2.591054,0.505796,3.136589
14,14,0,1,1024,1,1,3,0,1,0,0,0.038967,3.054428,0.533508,3.626903
14,14,0,1,1024,1,1,3,0,1,0,1,0.036143999999999996,2.9836329999999998,0.483394,3.5031709999999996
14,14,0,1,1024,1,1,3,0,1,0,2,0.035783,2.829827,0.505846,3.3714560000000002
14,14,0,1,1024,1,1,3,0,1,0,3,0.04082,5.5759490000000005,0.56878,6.185549
14,14,0,1,1024,1,1,3,0,1,0,4,0.043033,3.036371,0.524304,3.603708
14,14,0,1,1024,1,1,3,0,1,0,5,0.036254,3.127796,0.560728,3.724778
14,14,0,1,1024,1,1,3,0,1,0,6,0.034051000000000005,2.958827,0.5090509999999999,3.501929
14,14,0,1,1024,1,1,3,0,1,0,7,0.033479,3.0317439999999998,0.4875,3.552723
14,14,0,1,1024,1,1,3,0,1,0,8,0.031998,3.043246,0.553057,3.628301
14,14,0,1,1024,1,1,3,0,1,0,9,0.037395,2.968011,0.431006,3.436412
15,15,0,1,512,0,1,3,0,1,0,0,0.066548,2.3449109999999997,0.463373,2.874832
15,15,0,1,512,0,1,3,0,1,0,1,0.039799,2.590313,0.525736,3.155848
15,15,0,1,512,0,1,3,0,1,0,2,0.041721999999999995,2.286415,0.495411,2.8235479999999997
15,15,0,1,512,0,1,3,0,1,0,3,0.032478,2.379702,0.430926,2.843106
15,15,0,1,512,0,1,3,0,1,0,4,0.032138,2.3878839999999997,0.43073599999999995,2.850758
15,15,0,1,512,0,1,3,0,1,0,5,0.031556,2.58813,0.516452,3.1361380000000003
15,15,0,1,512,0,1,3,0,1,0,6,0.033528999999999996,2.4434769999999997,0.583691,3.060697
15,15,0,1,512,0,1,3,0,1,0,7,0.042102,2.472639,0.463825,2.9785660000000003
15,15,0,1,512,0,1,3,0,1,0,8,0.045377,2.593758,0.504144,3.143279
15,15,0,1,512,0,1,3,0,1,0,9,0.048402,2.60921,0.573677,3.231289
16,16,0,1,512,2,1,3,0,1,0,0,0.035212,2.645445,0.515801,3.1964580000000002
16,16,0,1,512,2,1,3,0,1,0,1,0.033209,2.6207380000000002,0.520088,3.174035
16,16,0,1,512,2,1,3,0,1,0,2,0.037435,2.624794,0.60284,3.265069
16,16,0,1,512,2,1,3,0,1,0,3,0.037695,2.463016,0.5260659999999999,3.026777
16,16,0,1,512,2,1,3,0,1,0,4,0.050184,2.5964519999999998,0.535971,3.182607
16,16,0,1,512,2,1,3,0,1,0,5,0.036444,2.438018,0.545075,3.019537
16,16,0,1,512,2,1,3,0,1,0,6,0.028983000000000002,2.844448,0.523543,3.396974
16,16,0,1,512,2,1,3,0,1,0,7,0.027801,2.6509620000000003,0.546937,3.2257000000000002
16,16,0,1,512,2,1,3,0,1,0,8,0.027571000000000002,2.513349,0.532446,3.073366
16,16,0,1,512,2,1,3,0,1,0,9,0.027881,2.529763,0.543332,3.100976
17,17,0,1,512,1,0,3,0,1,0,0,0.037506000000000005,2.64979,0.5632919999999999,3.250588
17,17,0,1,512,1,0,3,0,1,0,1,0.033299,2.50693,0.57612,3.116349
17,17,0,1,512,1,0,3,0,1,0,2,0.045938,2.6003570000000003,0.549612,3.195907
17,17,0,1,512,1,0,3,0,1,0,3,0.044455,2.518638,0.494359,3.057452
17,17,0,1,512,1,0,3,0,1,0,4,0.034159999999999996,2.6334370000000002,0.470865,3.1384619999999996
17,17,0,1,512,1,0,3,0,1,0,5,0.034230000000000003,2.552437,0.492397,3.079064
17,17,0,1,512,1,0,3,0,1,0,6,0.044226,2.591524,0.45059499999999997,3.0863449999999997
17,17,0,1,512,1,0,3,0,1,0,7,0.045507000000000006,2.5728880000000003,0.49414900000000006,3.112544
17,17,0,1,512,1,0,3,0,1,0,8,0.058647000000000005,2.524686,0.538204,3.121537
17,17,0,1,512,1,0,3,0,1,0,9,0.035362,2.596031,0.512917,3.14431
18,18,0,1,512,1,2,3,0,1,0,0,0.045077,2.736138,0.489713,3.270928
18,18,0,1,512,1,2,3,0,1,0,1,0.033349000000000004,2.6084300000000002,0.49496,3.136739
18,18,0,1,512,1,2,3,0,1,0,2,0.043163,2.5454969999999997,0.534409,3.123069
18,18,0,1,512,1,2,3,0,1,0,3,0.033699,2.457107,0.506287,2.997093
18,18,0,1,512,1,2,3,0,1,0,4,0.036143999999999996,2.4462300000000003,0.49454999999999993,2.9769240000000003
18,18,0,1,512,1,2,3,0,1,0,5,0.048982,2.439661,0.554429,3.043072
18,18,0,1,512,1,2,3,0,1,0,6,0.033409,2.810228,0.544964,3.3886010000000004
18,18,0,1,512,1,2,3,0,1,0,7,0.045547000000000004,2.6342280000000002,0.48317299999999996,3.162948
18,18,0,1,512,1,2,3,0,1,0,8,0.044766,2.478428,0.498306,3.0215
18,18,0,1,512,1,2,3,0,1,0,9,0.03392,2.651183,0.492266,3.177369
19,19,0,1,512,1,1,1,0,1,0,0,0.049033,2.187408,0.5325660000000001,2.7690069999999998
19,19,0,1,512,1,1,1,0,1,0,1,0.045066,2.275418,0.51474,2.8352239999999997
19,19,0,1,512,1,1,1,0,1,0,2,0.032718000000000004,2.32368,0.5282699999999999,2.884668
19,19,0,1,512,1,1,1,0,1,0,3,0.045667,2.280125,0.5274789999999999,2.853271
19,19,0,1,512,1,1,1,0,1,0,4,0.032759,2.173898,0.549902,2.756559
19,19,0,1,512,1,1,1,0,1,0,5,0.031235999999999996,2.198855,0.48609800000000003,2.716189
19,19,0,1,512,1,1,1,0,1,0,6,0.053288,2.151045,0.554218,2.758551
19,19,0,1,512,1,1,1,0,1,0,7,0.032688,2.334521,0.488822,2.856031
19,19,0,1,512,1,1,1,0,1,0,8,0.089112,2.469364,0.002274,2.56075
19,19,0,1,512,1,1,1,0,1,0,9,0.033349000000000004,1.787228,0.43396100000000004,2.254538
20,20,0,1,512,1,1,5,0,1,0,0,0.055442000000000005,3.311057,0.545796,3.912295
20,20,0,1,512,1,1,5,0,1,0,1,0.035392,3.270257,0.45364899999999997,3.759298
20,20,0,1,512,1,1,5,0,1,0,2,0.035703,3.3774040000000003,0.558565,3.971672
20,20,0,1,512,1,1,5,0,1,0,3,0.034159999999999996,3.3083129999999996,0.48264199999999996,3.825115
20,20,0,1,512,1,1,5,0,1,0,4,0.045817,3.544161,0.5231520000000001,4.113130000000001
20,20,0,1,512,1,1,5,0,1,0,5,0.049443,3.403383,0.509351,3.962177
20,20,0,1,512,1,1,5,0,1,0,6,0.041131,3.390474,0.526467,3.958072
20,20,0,1,512,1,1,5,0,1,0,7,0.035653,3.34753,0.537504,3.920687
20,20,0,1,512,1,1,5,0,1,0,8,0.035052,3.215486,0.572375,3.822913
20,20,0,1,512,1,1,5,0,1,0,9,0.035302,3.180224,0.564844,3.78037
21,21,0,1,512,1,1,3,0,0,0,0,0.02683,1.2333610000000002,0.527428,1.787619
21,21,0,1,512,1,1,3,0,0,0,1,0.026309,1.2330699999999999,0.49071399999999993,1.7500930000000001
21,21,0,1,512,1,1,3,0,0,0,2,0.025999,1.2093749999999999,0.502491,1.737865
21,21,0,1,512,1,1,3,0,0,0,3,0.025848,1.2387279999999998,0.537714,1.80229
21,21,0,1,512,1,1,3,0,0,0,4,0.02684,1.1161269999999999,0.5537470000000001,1.696714
21,21,0,1,512,1,1,3,0,0,0,5,0.026188,1.2893130000000002,0.8939100000000001,2.2094110000000002
21,21,0,1,512,1,1,3,0,0,0,6,0.04051,1.318987,0.48525599999999997,1.8447529999999999
21,21,0,1,512,1,1,3,0,0,0,7,0.026519,1.1977579999999999,0.532386,1.756663
21,21,0,1,512,1,1,3,0,0,0,8,0.022804,0.958404,0.465177,1.4463849999999998
21,21,0,1,512,1,1,3,0,0,0,9,0.029894,1.066373,0.454732,1.550999
22,22,0,1,512,1,1,3,1,1,0,0,0.035162,1.877851,0.504535,2.417548
22,22,0,1,512,1,1,3,1,1,0,1,0.024175000000000002,2.006722,0.49357899999999993,2.524476
22,22,0,1,512,1,1,3,1,1,0,2,0.029243,1.837311,0.49713399999999996,2.3636880000000002
22,22,0,1,512,1,1,3,1,1,0,3,0.023935,1.78851,0.49381900000000006,2.306264
22,22,0,1,512,1,1,3,1,1,0,4,0.057595,1.797043,0.625954,2.480592
22,22,0,1,512,1,1,3,1,1,0,5,0.026008,1.86978,0.466038,2.361826
22,22,0,1,512,1,1,3,1,1,0,6,0.031967,2.006221,0.47566200000000003,2.51385
22,22,0,1,512,1,1,3,1,1,0,7,0.038677,2.0438169999999998,0.463073,2.5455669999999997
22,22,0,1,512,1,1,3,1,1,0,8,0.036945,2.999958,0.471476,3.5083789999999997
22,22,0,1,512,1,1,3,1,1,0,9,0.027370000000000002,2.118156,0.553517,2.699043
23,23,0,1,512,1,1,3,2,1,0,0,0.037305000000000005,2.8357159999999997,0.506277,3.3792980000000004
23,23,0,1,512,1,1,3,2,1,0,1,0.034641000000000005,2.5629429999999997,0.560617,3.1582009999999996
23,23,0,1,512,1,1,3,2,1,0,2,0.033289,3.4060370000000004,0.5520240000000001,3.99135
23,23,0,1,512,1,1,3,2,1,0,3,0.05104499999999999,2.538767,0.541549,3.131361
23,23,0,1,512,1,1,3,2,1,0,4,0.046048,2.5688210000000002,0.556021,3.17089
23,23,0,1,512,1,1,3,2,1,0,5,0.048271,2.410728,0.551644,3.010643
23,23,0,1,512,1,1,3,2,1,0,6,0.032867999999999994,2.4246290000000004,0.487409,2.944906
23,23,0,1,512,1,1,3,2,1,0,7,0.044005,2.1713050000000003,0.54899,2.7643
23,23,0,1,512,1,1,3,2,1,0,8,0.033800000000000004,2.224814,0.457465,2.716079
23,23,0,1,512,1,1,3,2,1,0,9,0.032368,2.287847,0.421752,2.7419670000000003
24,24,1,0,512,1,1,3,0,1,0,0,0.033469,2.086289,0.39417199999999997,2.51393
24,24,1,0,512,1,1,3,0,1,0,1,0.043715,2.158776,0.421783,2.6242739999999998
24,24,1,0,512,1,1,3,0,1,0,2,0.032827999999999996,2.211084,0.35894,2.602852
24,24,1,0,512,1,1,3,0,1,0,3,0.048251,2.081522,0.430696,2.5604690000000003
24,24,1,0,512,1,1,3,0,1,0,4,0.032898000000000004,2.1955,0.442453,2.6708510000000003
24,24,1,0,512,1,1,3,0,1,0,5,0.048933,2.289689,0.42735100000000004,2.7659730000000002
24,24,1,0,512,1,1,3,0,1,0,6,0.037105,2.3151970000000004,1.1865409999999998,3.538843
24,24,1,0,512,1,1,3,0,1,0,7,0.048992,2.4395900000000004,0.5069290000000001,2.995511
24,24,1,0,512,1,1,3,0,1,0,8,0.041421,2.288648,0.377107,2.707176
24,24,1,0,512,1,1,3,0,1,0,9,0.072877,2.70338,0.5370429999999999,3.3133
25,25,1,0,256,1,1,3,0,1,0,0,0.074059,2.369167,0.410626,2.853852
25,25,1,0,256,1,1,3,0,1,0,1,0.03627300000000001,5.1276280000000005,0.388844,5.552745000000001
25,25,1,0,256,1,1,3,0,1,0,2,0.046919,2.121482,0.43173700000000004,2.6001380000000003
25,25,1,0,256,1,1,3,0,1,0,3,0.034551,2.2385450000000002,0.367432,2.640528
25,25,1,0,256,1,1,3,0,1,0,4,0.028923,3.424975,0.589931,4.043829
25,25,1,0,256,1,1,3,0,1,0,5,0.043014,4.145718,0.5159020000000001,4.704634
25,25,1,0,256,1,1,3,0,1,0,6,0.051476,2.624604,0.612233,3.288313
25,25,1,0,256,1,1,3,0,1,0,7,0.035662,2.213417,0.655367,2.904446
25,25,1,0,256,1,1,3,0,1,0,8,0.031326,3.3605300000000002,0.031237,3.4230929999999997
25,25,1,0,256,1,1,3,0,1,0,9,0.041501,2.354596,0.672382,3.068479
26,26,1,0,1024,1,1,3,0,1,0,0,0.054571,2.6335059999999997,0.431257,3.1193340000000003
26,26,1,0,1024,1,1,3,0,1,0,1,0.051446,2.786513,0.469893,3.307852
26,26,1,0,1024,1,1,3,0,1,0,2,0.050685,3.934477,0.084224,4.069386000000001
26,26,1,0,1024,1,1,3,0,1,0,3,0.049332999999999995,2.624193,0.475412,3.148938
26,26,1,0,1024,1,1,3,0,1,0,4,0.032917999999999996,2.4433860000000003,0.536497,3.012801
26,26,1,0,1024,1,1,3,0,1,0,5,0.033169,2.41887,0.502992,2.955031
26,26,1,0,1024,1,1,3,0,1,0,6,0.040209,4.264765000000001,0.350547,4.655521
26,26,1,0,1024,1,1,3,0,1,0,7,0.05549200000000001,4.927888,0.599996,5.583376
26,26,1,0,1024,1,1,3,0,1,0,8,0.064525,3.221875,0.477455,3.763855
26,26,1,0,1024,1,1,3,0,1,0,9,0.046398,2.660046,0.52142,3.227864
27,27,1,0,512,0,1,3,0,1,0,0,0.076663,5.859007999999999,0.039737999999999996,5.975409
27,27,1,0,512,0,1,3,0,1,0,1,0.085787,2.963253,0.508701,3.557741
27,27,1,0,512,0,1,3,0,1,0,2,0.052908000000000004,2.2529749999999997,0.478436,2.784319
27,27,1,0,512,0,1,3,0,1,0,3,0.06397499999999999,3.138582,0.840941,4.0434980000000005
27,27,1,0,512,0,1,3,0,1,0,4,0.069202,3.9704800000000002,0.468642,4.508324
27,27,1,0,512,0,1,3,0,1,0,5,0.041060000000000006,2.442295,0.44704,2.9303950000000003
27,27,1,0,512,0,1,3,0,1,0,6,0.06363300000000001,2.571736,0.470074,3.1054429999999997
27,27,1,0,512,0,1,3,0,1,0,7,0.039358,2.7170900000000002,1.123558,3.8800060000000003
27,27,1,0,512,0,1,3,0,1,0,8,0.042793000000000005,3.9709860000000003,0.662127,4.6759059999999995
27,27,1,0,512,0,1,3,0,1,0,9,0.097564,3.1703289999999997,0.6326539999999999,3.900547
28,28,1,0,512,2,1,3,0,1,0,0,0.04055,3.031905,0.47739400000000004,3.549849
28,28,1,0,512,2,1,3,0,1,0,1,0.041802,2.7410059999999996,0.47520100000000004,3.258009
28,28,1,0,512,2,1,3,0,1,0,2,0.044526,2.702008,0.449173,3.195707
28,28,1,0,512,2,1,3,0,1,0,3,0.045307,4.253883,0.551634,4.850824
28,28,1,0,512,2,1,3,0,1,0,4,0.090373,3.679992,0.560127,4.3304920000000005
28,28,1,0,512,2,1,3,0,1,0,5,0.056672999999999994,2.694347,0.711325,3.462345
28,28,1,0,512,2,1,3,0,1,0,6,0.048251,2.805571,0.577272,3.431094
28,28,1,0,512,2,1,3,0,1,0,7,0.039408,3.174726,0.572865,3.7869990000000002
28,28,1,0,512,2,1,3,0,1,0,8,0.039759,5.9569469999999995,0.675767,6.672473
28,28,1,0,512,2,1,3,0,1,0,9,0.085356,3.271549,0.703638,4.060543
29,29,1,0,512,1,0,3,0,1,0,0,0.030285,3.4339280000000003,0.469193,3.9334060000000006
29,29,1,0,512,1,0,3,0,1,0,1,0.032608,2.2686680000000004,0.427772,2.729048
29,29,1,0,512,1,0,3,0,1,0,2,0.036232999999999994,2.668839,0.46860199999999996,3.173674
29,29,1,0,512,1,0,3,0,1,0,3,0.037364999999999995,3.404204,0.539847,3.981416
29,29,1,0,512,1,0,3,0,1,0,4,0.031006000000000002,2.719493,0.522221,3.2727199999999996
29,29,1,0,512,1,0,3,0,1,0,5,0.029032,2.4901250000000004,0.430316,2.9494730000000002
29,29,1,0,512,1,0,3,0,1,0,6,0.028933,2.143604,0.420901,2.593438
29,29,1,0,512,1,0,3,0,1,0,7,0.036773999999999994,2.136153,0.389094,2.5620209999999997
29,29,1,0,512,1,0,3,0,1,0,8,0.037746,2.3889110000000002,0.6028300000000001,3.029487
29,29,1,0,512,1,0,3,0,1,0,9,0.041430999999999996,2.863737,0.564323,3.469491
30,30,1,0,512,1,2,3,0,1,0,0,0.029774,2.542552,0.656108,3.228434
30,30,1,0,512,1,2,3,0,1,0,1,0.034862,5.124078,0.614757,5.773697
30,30,1,0,512,1,2,3,0,1,0,2,0.07165600000000001,2.904306,0.5273990000000001,3.503361
30,30,1,0,512,1,2,3,0,1,0,3,0.0406,3.1404050000000003,0.769315,3.95032
30,30,1,0,512,1,2,3,0,1,0,4,0.0333,2.993848,0.846149,3.873297
30,30,1,0,512,1,2,3,0,1,0,5,0.030174,2.7167,0.39845800000000003,3.145332
30,30,1,0,512,1,2,3,0,1,0,6,0.029323000000000002,2.257051,0.44376499999999997,2.730139
30,30,1,0,512,1,2,3,0,1,0,7,0.040139,2.413102,0.34166399999999997,2.794905
30,30,1,0,512,1,2,3,0,1,0,8,0.036423,2.182672,0.44025,2.659345
30,30,1,0,512,1,2,3,0,1,0,9,0.027830999999999998,2.557535,0.391768,2.9771340000000004
31,31,1,0,512,1,1,1,0,1,0,0,0.027430999999999997,1.905041,0.351419,2.283891
31,31,1,0,512,1,1,1,0,1,0,1,0.034281,1.773527,0.33541499999999996,2.143223
31,31,1,0,512,1,1,1,0,1,0,2,0.08856,1.826276,0.403806,2.318642
31,31,1,0,512,1,1,1,0,1,0,3,0.035252,1.7012310000000002,0.5345289999999999,2.2710120000000003
31,31,1,0,512,1,1,1,0,1,0,4,0.034621,2.001684,0.503623,2.5399279999999997
31,31,1,0,512,1,1,1,0,1,0,5,0.04051,3.04523,0.48366400000000004,3.569404
31,31,1,0,512,1,1,1,0,1,0,6,0.031136,2.07004,0.471025,2.572201
31,31,1,0,512,1,1,1,0,1,0,7,0.035633000000000005,2.002185,0.48119999999999996,2.519018
31,31,1,0,512,1,1,1,0,1,0,8,0.034391000000000005,1.982475,0.46863200000000005,2.485498
31,31,1,0,512,1,1,1,0,1,0,9,0.035082,2.153478,0.517544,2.706104
32,32,1,0,512,1,1,5,0,1,0,0,0.036974,3.369073,0.5018699999999999,3.9079170000000003
32,32,1,0,512,1,1,5,0,1,0,1,0.035311999999999996,3.225571,0.392249,3.653132
32,32,1,0,512,1,1,5,0,1,0,2,0.035462,4.522971,0.464555,5.022988
32,32,1,0,512,1,1,5,0,1,0,3,0.035703,3.026416,0.42308500000000004,3.485204
32,32,1,0,512,1,1,5,0,1,0,4,0.029123,3.020198,0.419409,3.4687300000000003
32,32,1,0,512,1,1,5,0,1,0,5,0.027209999999999998,3.113175,0.438307,3.578692
32,32,1,0,512,1,1,5,0,1,0,6,0.039539000000000005,3.532518,0.641778,4.2138349999999996
32,32,1,0,512,1,1,5,0,1,0,7,0.103854,3.4007389999999997,0.49659300000000006,4.001186000000001
32,32,1,0,512,1,1,5,0,1,0,8,0.037564999999999994,3.517361,0.600567,4.155493
32,32,1,0,512,1,1,5,0,1,0,9,0.046989,3.316976,0.665753,4.029718
33,33,1,0,512,1,1,3,0,0,0,0,0.02697,1.304936,0.5467169999999999,1.8786230000000002
33,33,1,0,512,1,1,3,0,0,0,1,0.035863,1.525872,0.518295,2.0800300000000003
33,33,1,0,512,1,1,3,0,0,0,2,0.026709,1.2323989999999998,0.632043,1.891151
33,33,1,0,512,1,1,3,0,0,0,3,0.027701,1.258117,0.5411889999999999,1.827007
33,33,1,0,512,1,1,3,0,0,0,4,0.038437,1.400086,0.593126,2.031649
33,33,1,0,512,1,1,3,0,0,0,5,0.02691,1.2901939999999998,0.520238,1.837342
33,33,1,0,512,1,1,3,0,0,0,6,0.02695,1.831954,0.478296,2.3372
33,33,1,0,512,1,1,3,0,0,0,7,0.026749000000000002,1.7416610000000001,0.056653999999999996,1.825064
33,33,1,0,512,1,1,3,0,0,0,8,0.029994,1.184348,0.547779,1.762121
33,33,1,0,512,1,1,3,0,0,0,9,0.027039999999999998,1.1119109999999999,0.470564,1.609515
34,34,1,0,512,1,1,3,1,1,0,0,0.035122,2.227167,0.484525,2.746814
34,34,1,0,512,1,1,3,1,1,0,1,0.03433,2.553849,0.011958,2.600137
34,34,1,0,512,1,1,3,1,1,0,2,0.031986999999999995,2.422755,0.641267,3.096009
34,34,1,0,512,1,1,3,1,1,0,3,0.460079,1.9917699999999998,0.530603,2.982452
34,34,1,0,512,1,1,3,1,1,0,4,0.044355,2.454092,0.028763,2.5272099999999997
34,34,1,0,512,1,1,3,1,1,0,5,0.053779999999999994,1.976046,0.5324359999999999,2.562262
34,34,1,0,512,1,1,3,1,1,0,6,0.044235,2.3530830000000003,0.49329799999999996,2.890616
34,34,1,0,512,1,1,3,1,1,0,7,0.032017000000000004,2.046701,0.458086,2.536804
34,34,1,0,512,1,1,3,1,1,0,8,0.032227,1.8658139999999999,0.47386900000000004,2.37191
34,34,1,0,512,1,1,3,1,1,0,9,0.045697,1.865303,0.502942,2.413942
35,35,1,0,512,1,1,3,2,1,0,0,0.025698,2.7578899999999997,0.475141,3.258729
35,35,1,0,512,1,1,3,2,1,0,1,0.029743,2.881583,0.5438529999999999,3.4551790000000002
35,35,1,0,512,1,1,3,2,1,0,2,0.029754,2.7613149999999997,0.458847,3.249916
35,35,1,0,512,1,1,3,2,1,0,3,0.039198,2.672434,0.436284,3.1479160000000004
35,35,1,0,512,1,1,3,2,1,0,4,0.036955,2.945807,0.457596,3.4403580000000002
35,35,1,0,512,1,1,3,2,1,0,5,0.030706,2.79167,0.5202279999999999,3.3426039999999997
35,35,1,0,512,1,1,3,2,1,0,6,0.028893,2.502573,0.633155,3.164621
35,35,1,0,512,1,1,3,2,1,0,7,0.099386,2.590003,0.483163,3.172552
35,35,1,0,512,1,1,3,2,1,0,8,0.038347,2.742437,0.5205080000000001,3.301292
35,35,1,0,512,1,1,3,2,1,0,9,0.030195000000000003,3.280472,0.7236779999999999,4.034345
36,36,1,1,512,1,1,3,0,1,0,0,0.093949,3.1597180000000002,0.4995069999999999,3.753174
36,36,1,1,512,1,1,3,0,1,0,1,0.053409000000000005,2.863667,0.6112920000000001,3.528368
36,36,1,1,512,1,1,3,0,1,0,2,0.055963,2.655649,0.534288,3.2459
36,36,1,1,512,1,1,3,0,1,0,3,0.037105,2.586377,0.519277,3.1427590000000003
36,36,1,1,512,1,1,3,0,1,0,4,0.04757,2.509153,0.47452099999999997,3.031244
36,36,1,1,512,1,1,3,0,1,0,5,0.048071,2.2957289999999997,0.46270300000000003,2.806503
36,36,1,1,512,1,1,3,0,1,0,6,0.107249,3.192837,0.42667,3.726756
36,36,1,1,512,1,1,3,0,1,0,7,0.029494,2.769006,0.467811,3.266311
36,36,1,1,512,1,1,3,0,1,0,8,0.087079,2.7454419999999997,0.443865,3.276386
36,36,1,1,512,1,1,3,0,1,0,9,0.03406,2.3189629999999997,0.39578399999999997,2.748807
37,37,1,1,256,1,1,3,0,1,0,0,0.03412,2.138427,0.442102,2.614649
37,37,1,1,256,1,1,3,0,1,0,1,0.028002,2.1958759999999997,0.477084,2.700962
37,37,1,1,256,1,1,3,0,1,0,2,0.036234,4.792142999999999,0.44272300000000003,5.2711
37,37,1,1,256,1,1,3,0,1,0,3,0.043525,3.789453,0.687194,4.5201720000000005
37,37,1,1,256,1,1,3,0,1,0,4,0.046438,3.2222459999999997,0.50107,3.7697540000000003
37,37,1,1,256,1,1,3,0,1,0,5,0.04081,2.846782,0.496623,3.3842149999999998
37,37,1,1,256,1,1,3,0,1,0,6,0.037113999999999994,3.241725,0.597972,3.876811
37,37,1,1,256,1,1,3,0,1,0,7,0.037505000000000004,2.272554,0.419259,2.729318
37,37,1,1,256,1,1,3,0,1,0,8,0.035833000000000004,2.550765,0.5153599999999999,3.101958
37,37,1,1,256,1,1,3,0,1,0,9,0.035202,2.381354,0.448772,2.865328
38,38,1,1,1024,1,1,3,0,1,0,0,0.051646,4.053643,0.726012,4.831301
38,38,1,1,1024,1,1,3,0,1,0,1,0.044846,3.023703,0.6169100000000001,3.685459
38,38,1,1,1024,1,1,3,0,1,0,2,0.044646,2.68294,1.271777,3.999363
38,38,1,1,1024,1,1,3,0,1,0,3,0.044085,3.4942979999999997,0.706964,4.245347
38,38,1,1,1024,1,1,3,0,1,0,4,0.046499000000000006,7.272924,0.834902,8.154325
38,38,1,1,1024,1,1,3,0,1,0,5,0.06716899999999999,6.093653,0.6521530000000001,6.812975
38,38,1,1,1024,1,1,3,0,1,0,6,0.084425,5.010305,0.7473230000000001,5.842053
38,38,1,1,1024,1,1,3,0,1,0,7,0.06701900000000001,3.853988,2.975387,6.896394
38,38,1,1,1024,1,1,3,0,1,0,8,0.08184,6.959110999999999,0.141159,7.182110000000001
38,38,1,1,1024,1,1,3,0,1,0,9,0.082852,5.202228,0.794483,6.079562999999999
39,39,1,1,512,0,1,3,0,1,0,0,0.079607,3.100016,0.566396,3.746019
39,39,1,1,512,0,1,3,0,1,0,1,0.045397,3.2942319999999996,0.9845929999999999,4.324222
39,39,1,1,512,0,1,3,0,1,0,2,0.049253,2.863626,0.608147,3.521026
39,39,1,1,512,0,1,3,0,1,0,3,0.042623,3.003382,0.502682,3.548687
39,39,1,1,512,0,1,3,0,1,0,4,0.042984,3.234113,0.628057,3.905154
39,39,1,1,512,0,1,3,0,1,0,5,0.045197,3.4553700000000003,0.584503,4.08507
39,39,1,1,512,0,1,3,0,1,0,6,0.036643999999999996,3.4056770000000003,3.335032,6.777353
39,39,1,1,512,0,1,3,0,1,0,7,0.0612,18.796031000000003,1.9833479999999999,20.840579
39,39,1,1,512,0,1,3,0,1,0,8,0.105806,14.262139999999999,3.554316,17.922262
39,39,1,1,512,0,1,3,0,1,0,9,0.35247,20.948488,6.880826,28.181784
40,40,1,1,512,2,1,3,0,1,0,0,0.099887,12.474992,1.118431,13.69331
40,40,1,1,512,2,1,3,0,1,0,1,0.08801,3.847108,0.551444,4.486562
40,40,1,1,512,2,1,3,0,1,0,2,0.039347999999999994,4.657334,0.547568,5.24425
40,40,1,1,512,2,1,3,0,1,0,3,0.046619,4.597836,0.510253,5.154708
40,40,1,1,512,2,1,3,0,1,0,4,0.08713800000000001,6.238228,0.52189,6.847256000000001
40,40,1,1,512,2,1,3,0,1,0,5,0.046348,2.931948,0.045787,3.024083
40,40,1,1,512,2,1,3,0,1,0,6,0.035743,2.9378059999999997,1.240952,4.214501
40,40,1,1,512,2,1,3,0,1,0,7,0.042132,3.849281,0.643119,4.534532
40,40,1,1,512,2,1,3,0,1,0,8,0.034622,3.979694,0.023844999999999998,4.0381610000000006
40,40,1,1,512,2,1,3,0,1,0,9,0.030906,11.805934,1.3350199999999999,13.17186
41,41,1,1,512,1,0,3,0,1,0,0,0.046929,2.606567,0.55567,3.2091659999999997
41,41,1,1,512,1,0,3,0,1,0,1,0.030605000000000004,2.687586,0.456885,3.1750760000000002
41,41,1,1,512,1,0,3,0,1,0,2,0.053038,2.726314,0.48866100000000007,3.2680130000000003
41,41,1,1,512,1,0,3,0,1,0,3,0.039037,4.913092,0.602679,5.5548079999999995
41,41,1,1,512,1,0,3,0,1,0,4,0.049773,5.956261,0.058516,6.0645500000000006
41,41,1,1,512,1,0,3,0,1,0,5,0.049963999999999995,3.31967,0.675767,4.045401
41,41,1,1,512,1,0,3,0,1,0,6,0.12226000000000001,4.204796,0.738019,5.065074999999999
41,41,1,1,512,1,0,3,0,1,0,7,0.096873,5.2358780000000005,0.611813,5.944564000000001
41,41,1,1,512,1,0,3,0,1,0,8,0.059428,5.757156999999999,0.5508829999999999,6.367468000000001
41,41,1,1,512,1,0,3,0,1,0,9,0.066358,3.072455,0.546737,3.68555
42,42,1,1,512,1,2,3,0,1,0,0,0.051054999999999996,2.968842,0.493128,3.513025
42,42,1,1,512,1,2,3,0,1,0,1,0.04085,2.1630730000000002,0.56257,2.766493
42,42,1,1,512,1,2,3,0,1,0,2,0.028162,2.7190130000000003,0.648717,3.3958920000000004
42,42,1,1,512,1,2,3,0,1,0,3,0.040069,3.9222390000000003,0.633846,4.596154
42,42,1,1,512,1,2,3,0,1,0,4,0.046949,2.628239,0.59609,3.2712779999999997
42,42,1,1,512,1,2,3,0,1,0,5,0.029502999999999998,3.02147,0.61695,3.667923
42,42,1,1,512,1,2,3,0,1,0,6,0.045267,2.789067,0.5366620000000001,3.370996
42,42,1,1,512,1,2,3,0,1,0,7,0.032869,3.058338,0.5052760000000001,3.596483
42,42,1,1,512,1,2,3,0,1,0,8,0.053219,3.660152,0.484916,4.1982870000000005
42,42,1,1,512,1,2,3,0,1,0,9,0.041401,2.525523,0.9797460000000001,3.54667
43,43,1,1,512,1,1,1,0,1,0,0,0.06936200000000001,4.794146,0.5072679999999999,5.370776
43,43,1,1,512,1,1,1,0,1,0,1,0.105746,3.798697,0.84712,4.751563
43,43,1,1,512,1,1,1,0,1,0,2,0.06632800000000001,3.418836,0.59649,4.0816539999999994
43,43,1,1,512,1,1,1,0,1,0,3,0.088901,2.679635,0.710148,3.4786840000000003
43,43,1,1,512,1,1,1,0,1,0,4,0.058697,2.217222,0.539447,2.815366
43,43,1,1,512,1,1,1,0,1,0,5,0.046639,4.1790270000000005,0.003866,4.229532
43,43,1,1,512,1,1,1,0,1,0,6,0.07457,3.785637,0.06328399999999999,3.9234910000000003
43,43,1,1,512,1,1,1,0,1,0,7,0.089251,2.563104,0.6169800000000001,3.269335
43,43,1,1,512,1,1,1,0,1,0,8,0.055572,2.681297,0.729918,3.4667869999999996
43,43,1,1,512,1,1,1,0,1,0,9,0.059618,6.075837,0.807792,6.9432469999999995
44,44,1,1,512,1,1,5,0,1,0,0,0.100839,6.520423,1.632489,8.253751
44,44,1,1,512,1,1,5,0,1,0,1,0.08254199999999999,3.82822,0.45343,4.364192
44,44,1,1,512,1,1,5,0,1,0,2,0.054811,4.113832,0.534458,4.703101
44,44,1,1,512,1,1,5,0,1,0,3,0.066278,5.494439,1.046986,6.607703000000001
44,44,1,1,512,1,1,5,0,1,0,4,0.09135499999999999,3.275625,0.495912,3.862892
44,44,1,1,512,1,1,5,0,1,0,5,0.047639999999999995,4.060003,0.898897,5.00654
44,44,1,1,512,1,1,5,0,1,0,6,0.061691,3.373719,0.658853,4.094263
44,44,1,1,512,1,1,5,0,1,0,7,0.050024,5.388863,0.755855,6.194742
44,44,1,1,512,1,1,5,0,1,0,8,0.081099,5.2680050000000005,0.06062,5.409724000000001
44,44,1,1,512,1,1,5,0,1,0,9,0.075451,4.328739,0.430946,4.835136
45,45,1,1,512,1,1,3,0,0,0,0,0.037405,0.962971,0.48528699999999997,1.485663
45,45,1,1,512,1,1,3,0,0,0,1,0.027,0.992064,0.504124,1.523188
45,45,1,1,512,1,1,3,0,0,0,2,0.038887000000000005,0.9274389999999999,0.7484040000000001,1.71473
45,45,1,1,512,1,1,3,0,0,0,3,0.029043,1.094375,0.49195700000000003,1.615375
45,45,1,1,512,1,1,3,0,0,0,4,0.061992,3.0511929999999996,0.634396,3.747581
45,45,1,1,512,1,1,3,0,0,0,5,0.049563,2.072619,0.516563,2.638745
45,45,1,1,512,1,1,3,0,0,0,6,0.043324,1.7093919999999998,0.49399000000000004,2.2467059999999996
45,45,1,1,512,1,1,3,0,0,0,7,0.030784999999999996,1.073014,0.5266879999999999,1.630487
45,45,1,1,512,1,1,3,0,0,0,8,0.027541,2.085838,0.472518,2.585897
45,45,1,1,512,1,1,3,0,0,0,9,0.031466,2.6425609999999997,0.671511,3.345538
46,46,1,1,512,1,1,3,1,1,0,0,0.030295,2.604955,0.019548,2.654798
46,46,1,1,512,1,1,3,1,1,0,1,0.028092000000000002,2.345872,0.52843,2.902394
46,46,1,1,512,1,1,3,1,1,0,2,0.030264,4.447985,0.668617,5.146866
46,46,1,1,512,1,1,3,1,1,0,3,0.043915,4.801191,1.2458390000000001,6.0909450000000005
46,46,1,1,512,1,1,3,1,1,0,4,0.093878,2.666716,0.45094599999999996,3.2115400000000003
46,46,1,1,512,1,1,3,1,1,0,5,0.053278,2.422886,0.462733,2.9388970000000003
46,46,1,1,512,1,1,3,1,1,0,6,0.042884,7.092548,0.373041,7.5084729999999995
46,46,1,1,512,1,1,3,1,1,0,7,0.09829500000000001,2.658063,1.9846489999999999,4.741007000000001
46,46,1,1,512,1,1,3,1,1,0,8,0.097284,4.274158,1.237676,5.609118
46,46,1,1,512,1,1,3,1,1,0,9,0.078636,3.267437,1.205935,4.552008
47,47,1,1,512,1,1,3,2,1,0,0,0.066428,3.697578,0.493959,4.2579649999999996
47,47,1,1,512,1,1,3,2,1,0,1,0.051626,2.5204,0.486388,3.058414
47,47,1,1,512,1,1,3,2,1,0,2,0.043194,3.8761210000000004,1.035949,4.955264
47,47,1,1,512,1,1,3,2,1,0,3,0.052126,5.314830000000001,0.8296640000000001,6.19662
47,47,1,1,512,1,1,3,2,1,0,4,0.095962,3.077311,0.5163070000000001,3.68958
47,47,1,1,512,1,1,3,2,1,0,5,0.046449000000000004,3.11365,0.510293,3.670392
47,47,1,1,512,1,1,3,2,1,0,6,0.049432,4.3198419999999995,0.5341980000000001,4.903472
47,47,1,1,512,1,1,3,2,1,0,7,0.08807999999999999,4.1229450000000005,0.605814,4.816839
47,47,1,1,512,1,1,3,2,1,0,8,0.040729999999999995,3.357555,0.7517,4.149985
47,47,1,1,512,1,1,3,2,1,0,9,0.032989,3.138893,2.343078,5.51496
0,47,1,1,512,1,1,3,2,1,1,0,0.037686,2.316258,0.6713309999999999,3.025275
0,47,1,1,512,1,1,3,2,1,1,1,0.030164,2.298753,0.5070880000000001,2.836005
0,47,1,1,512,1,1,3,2,1,1,2,0.029223000000000002,2.560939,0.510774,3.100936
0,47,1,1,512,1,1,3,2,1,1,3,0.038417,2.22922,0.459227,2.726864
0,47,1,1,512,1,1,3,2,1,1,4,0.034941,2.3223380000000002,0.5081,2.865379
0,47,1,1,512,1,1,3,2,1,1,5,0.025137,4.399183,0.997162,5.421482
0,47,1,1,512,1,1,3,2,1,1,6,0.049493,5.793951000000001,0.5067929999999999,6.350237
0,47,1,1,512,1,1,3,2,1,1,7,0.040169,2.514982,0.48157099999999997,3.036722
0,47,1,1,512,1,1,3,2,1,1,8,0.037626,2.105096,0.464406,2.607128
0,47,1,1,512,1,1,3,2,1,1,9,0.026067999999999997,2.585837,0.280203,2.892108
1,46,1,1,512,1,1,3,1,1,1,0,0.042292,4.473307,0.6493990000000001,5.164998
1,46,1,1,512,1,1,3,1,1,1,1,0.086989,2.8090260000000002,1.303764,4.1997789999999995
1,46,1,1,512,1,1,3,1,1,1,2,0.051967,2.944806,0.6144670000000001,3.61124
1,46,1,1,512,1,1,3,1,1,1,3,0.036103,3.683807,1.638839,5.358749
1,46,1,1,512,1,1,3,1,1,1,4,0.042573,2.975722,0.631171,3.649466
1,46,1,1,512,1,1,3,1,1,1,5,0.039608,2.198906,0.5335869999999999,2.7721009999999997
1,46,1,1,512,1,1,3,1,1,1,6,0.031856999999999996,3.217169,0.5523750000000001,3.801401
1,46,1,1,512,1,1,3,1,1,1,7,0.045937,3.609868,0.911376,4.567181
1,46,1,1,512,1,1,3,1,1,1,8,0.031986999999999995,2.488052,0.5187860000000001,3.038825
1,46,1,1,512,1,1,3,1,1,1,9,0.038246,2.7295190000000003,0.608638,3.376403
2,45,1,1,512,1,1,3,0,0,1,0,0.024096,1.662463,0.641006,2.3275650000000003
2,45,1,1,512,1,1,3,0,0,1,1,0.031988,5.775624,0.6674450000000001,6.4750570000000005
2,45,1,1,512,1,1,3,0,0,1,2,0.04747,1.659218,0.641127,2.347815
2,45,1,1,512,1,1,3,0,0,1,3,0.023925,1.451492,0.5691,2.044517
2,45,1,1,512,1,1,3,0,0,1,4,0.022612999999999998,1.4423890000000001,0.5380339999999999,2.0030360000000003
2,45,1,1,512,1,1,3,0,0,1,5,0.036194,2.362927,0.595719,2.99484
2,45,1,1,512,1,1,3,0,0,1,6,0.024246,1.875058,0.9221210000000001,2.8214249999999996
2,45,1,1,512,1,1,3,0,0,1,7,0.027912,1.989917,0.5750689999999999,2.5928980000000004
2,45,1,1,512,1,1,3,0,0,1,8,0.025237,2.60809,0.5679879999999999,3.201315
2,45,1,1,512,1,1,3,0,0,1,9,0.032949,1.450591,0.587276,2.070816
3,44,1,1,512,1,1,5,0,1,1,0,0.058415999999999996,7.591584,0.634406,8.284405999999999
3,44,1,1,512,1,1,5,0,1,1,1,0.069423,4.8204340000000006,0.556422,5.446279
3,44,1,1,512,1,1,5,0,1,1,2,0.044847,4.51269,1.73429,6.291827
3,44,1,1,512,1,1,5,0,1,1,3,0.054311000000000005,6.271065,0.7580589999999999,7.083435
3,44,1,1,512,1,1,5,0,1,1,4,0.048211000000000004,7.762837,0.49979799999999996,8.310846
3,44,1,1,512,1,1,5,0,1,1,5,0.059067,6.530749,0.694906,7.284722
3,44,1,1,512,1,1,5,0,1,1,6,0.051326000000000004,4.173459,2.110916,6.335701
3,44,1,1,512,1,1,5,0,1,1,7,0.051656999999999995,4.459722,0.680143,5.191522
3,44,1,1,512,1,1,5,0,1,1,8,0.059367,3.843563,0.076213,3.979143
3,44,1,1,512,1,1,5,0,1,1,9,0.031065999999999996,3.1278870000000003,0.509562,3.6685149999999997
4,43,1,1,512,1,1,1,0,1,1,0,0.037886,1.7351809999999999,0.477084,2.2501510000000002
4,43,1,1,512,1,1,1,0,1,1,1,0.031176000000000002,2.145436,0.037145,2.2137569999999998
4,43,1,1,512,1,1,1,0,1,1,2,0.046248000000000004,2.416036,0.056714,2.5189980000000003
4,43,1,1,512,1,1,1,0,1,1,3,0.037886,1.8297400000000001,0.488401,2.356027
4,43,1,1,512,1,1,1,0,1,1,4,0.035182000000000005,1.895508,0.452748,2.383438
4,43,1,1,512,1,1,1,0,1,1,5,0.0336,1.6273220000000002,0.5093110000000001,2.170233
4,43,1,1,512,1,1,1,0,1,1,6,0.032218000000000004,7.481832,0.118044,7.6320939999999995
4,43,1,1,512,1,1,1,0,1,1,7,0.078706,2.512108,0.10319199999999999,2.694006
4,43,1,1,512,1,1,1,0,1,1,8,0.056524000000000005,2.1472990000000003,0.6457229999999999,2.849546
4,43,1,1,512,1,1,1,0,1,1,9,0.044696,3.499174,0.556963,4.100833
5,42,1,1,512,1,2,3,0,1,1,0,0.103042,4.355388,5.717168,10.175597999999999
5,42,1,1,512,1,2,3,0,1,1,1,0.115881,5.713592,1.8720430000000001,7.701516000000001
5,42,1,1,512,1,2,3,0,1,1,2,0.082722,4.065329999999999,0.80654,4.954592
5,42,1,1,512,1,2,3,0,1,1,3,0.073899,6.014968,0.5373129999999999,6.62618
5,42,1,1,512,1,2,3,0,1,1,4,0.065957,4.729931,4.094602999999999,8.890491
5,42,1,1,512,1,2,3,0,1,1,5,0.09713300000000001,5.373431,0.52162,5.992184
5,42,1,1,512,1,2,3,0,1,1,6,0.066478,3.351277,2.231433,5.6491880000000005
5,42,1,1,512,1,2,3,0,1,1,7,0.06594799999999999,2.8325899999999997,0.051296,2.949834
5,42,1,1,512,1,2,3,0,1,1,8,0.052636999999999996,2.589082,0.491205,3.132924
5,42,1,1,512,1,2,3,0,1,1,9,0.034900999999999995,2.598886,0.48788,3.121667
6,41,1,1,512,1,0,3,0,1,1,0,0.038967,2.442956,0.5439130000000001,3.025836
6,41,1,1,512,1,0,3,0,1,1,1,0.049313,2.6416180000000002,0.050154000000000004,2.741085
6,41,1,1,512,1,0,3,0,1,1,2,0.034852,2.7439489999999997,0.042563,2.821364
6,41,1,1,512,1,0,3,0,1,1,3,0.034531,3.816573,0.468341,4.319445
6,41,1,1,512,1,0,3,0,1,1,4,0.062141,2.681888,0.651051,3.39508
6,41,1,1,512,1,0,3,0,1,1,5,0.061440999999999996,3.644349,1.447406,5.153195999999999
6,41,1,1,512,1,0,3,0,1,1,6,0.09853600000000001,3.227443,0.402444,3.728423
6,41,1,1,512,1,0,3,0,1,1,7,0.030535,2.768656,1.749532,4.548723
6,41,1,1,512,1,0,3,0,1,1,8,0.029173,2.945817,0.488521,3.463511
6,41,1,1,512,1,0,3,0,1,1,9,0.043343999999999994,2.569763,0.479758,3.092865
7,40,1,1,512,2,1,3,0,1,1,0,0.041811,2.830778,0.727804,3.600393
7,40,1,1,512,2,1,3,0,1,1,1,0.037576,5.392087999999999,0.512366,5.94203
7,40,1,1,512,2,1,3,0,1,1,2,0.034581,2.9220029999999997,0.754644,3.711228
7,40,1,1,512,2,1,3,0,1,1,3,0.039709,3.662736,0.9035230000000001,4.605968
7,40,1,1,512,2,1,3,0,1,1,4,0.042203000000000004,2.7100090000000003,0.5015609999999999,3.2537730000000002
7,40,1,1,512,2,1,3,0,1,1,5,0.040259,2.664032,0.49994799999999995,3.204239
7,40,1,1,512,2,1,3,0,1,1,6,0.036223000000000005,2.4448790000000002,0.47386900000000004,2.954971
7,40,1,1,512,2,1,3,0,1,1,7,0.025998,2.999607,0.538114,3.563719
7,40,1,1,512,2,1,3,0,1,1,8,0.035491999999999996,2.517666,0.553407,3.106565
7,40,1,1,512,2,1,3,0,1,1,9,0.027920999999999998,2.618765,1.709323,4.356009
8,39,1,1,512,0,1,3,0,1,1,0,0.03627300000000001,4.569434,0.5125569999999999,5.118264
8,39,1,1,512,0,1,3,0,1,1,1,0.029924,2.7337350000000002,0.579836,3.3434950000000003
8,39,1,1,512,0,1,3,0,1,1,2,0.038046,3.86184,0.590682,4.490568000000001
8,39,1,1,512,0,1,3,0,1,1,3,0.0337,2.644874,0.5789639999999999,3.257538
8,39,1,1,512,0,1,3,0,1,1,4,0.034541,2.461993,0.533528,3.030062
8,39,1,1,512,0,1,3,0,1,1,5,0.032297,2.593718,2.9801290000000003,5.6061440000000005
8,39,1,1,512,0,1,3,0,1,1,6,0.038286,3.403173,0.085696,3.527155
8,39,1,1,512,0,1,3,0,1,1,7,0.093508,6.004302,0.8593080000000001,6.957118
8,39,1,1,512,0,1,3,0,1,1,8,0.075892,3.254093,2.383938,5.713923
8,39,1,1,512,0,1,3,0,1,1,9,0.057846,6.296007,0.578734,6.932587
9,38,1,1,1024,1,1,3,0,1,1,0,0.039619,2.7379000000000002,0.559747,3.337266
9,38,1,1,1024,1,1,3,0,1,1,1,0.040098999999999996,2.751641,0.465387,3.2571269999999997
9,38,1,1,1024,1,1,3,0,1,1,2,0.037785,2.6822090000000003,0.48074,3.2007339999999997
9,38,1,1,1024,1,1,3,0,1,1,3,0.050614,2.558476,0.465638,3.074728
9,38,1,1,1024,1,1,3,0,1,1,4,0.037195,2.690651,0.469584,3.1974299999999998
9,38,1,1,1024,1,1,3,0,1,1,5,0.034912,2.6982019999999998,0.536582,3.2696959999999997
9,38,1,1,1024,1,1,3,0,1,1,6,0.03345,3.563269,0.002824,3.599543
9,38,1,1,1024,1,1,3,0,1,1,7,0.042493,2.846471,0.5623699999999999,3.451334
9,38,1,1,1024,1,1,3,0,1,1,8,0.043424000000000004,6.665869,0.6560980000000001,7.365391
9,38,1,1,1024,1,1,3,0,1,1,9,0.090514,3.838346,0.597351,4.526211
10,37,1,1,256,1,1,3,0,1,1,0,0.06396500000000001,4.245486,0.6256929999999999,4.935144
10,37,1,1,256,1,1,3,0,1,1,1,0.068651,5.967257,0.744699,6.780607
10,37,1,1,256,1,1,3,0,1,1,2,0.064995,4.235031,0.04754,4.347566
10,37,1,1,256,1,1,3,0,1,1,3,0.08468500000000001,5.203359,0.053549,5.3415930000000005
10,37,1,1,256,1,1,3,0,1,1,4,0.059468,6.0768439999999995,1.206731,7.343043
10,37,1,1,256,1,1,3,0,1,1,5,0.072827,5.974047,0.05436,6.101234
10,37,1,1,256,1,1,3,0,1,1,6,0.06771999999999999,3.472956,1.2759530000000001,4.816629
10,37,1,1,256,1,1,3,0,1,1,7,0.066608,2.390689,0.7455400000000001,3.202837
10,37,1,1,256,1,1,3,0,1,1,8,0.057395,4.4599720000000005,0.652894,5.170261
10,37,1,1,256,1,1,3,0,1,1,9,0.070785,3.3416520000000003,0.49958800000000003,3.9120250000000003
11,36,1,1,512,1,1,3,0,1,1,0,0.035622,2.406452,0.5014000000000001,2.943474
11,36,1,1,512,1,1,3,0,1,1,1,0.04077,2.572902,1.5978489999999999,4.211521
11,36,1,1,512,1,1,3,0,1,1,2,0.065637,2.549613,0.582179,3.197429
11,36,1,1,512,1,1,3,0,1,1,3,0.038127,2.366542,0.496293,2.900962
11,36,1,1,512,1,1,3,0,1,1,4,0.045658000000000004,3.459115,0.7801509999999999,4.284924
11,36,1,1,512,1,1,3,0,1,1,5,0.048050999999999996,3.121597,0.50844,3.678088
11,36,1,1,512,1,1,3,0,1,1,6,0.041610999999999995,3.777996,0.5373030000000001,4.35691
11,36,1,1,512,1,1,3,0,1,1,7,0.054450000000000005,4.934433,0.837837,5.82672
11,36,1,1,512,1,1,3,0,1,1,8,0.072107,5.337147000000001,0.219674,5.628928
11,36,1,1,512,1,1,3,0,1,1,9,0.084665,4.767647,1.098782,5.951093999999999
12,35,1,0,512,1,1,3,2,1,1,0,0.06168099999999999,2.33805,0.483484,2.8832150000000003
12,35,1,0,512,1,1,3,2,1,1,1,0.038487,2.1543,0.401943,2.5947299999999998
12,35,1,0,512,1,1,3,2,1,1,2,0.042933,2.007553,0.42473700000000003,2.4752229999999997
12,35,1,0,512,1,1,3,2,1,1,3,0.033800000000000004,2.3389320000000002,0.464585,2.8373169999999996
12,35,1,0,512,1,1,3,2,1,1,4,0.033229,2.239315,0.720173,2.9927170000000003
12,35,1,0,512,1,1,3,2,1,1,5,0.035712,3.078399,0.451496,3.565607
12,35,1,0,512,1,1,3,2,1,1,6,0.046189,2.0336410000000003,0.41362,2.4934499999999997
12,35,1,0,512,1,1,3,2,1,1,7,0.036804,2.4584189999999997,0.402323,2.897546
12,35,1,0,512,1,1,3,2,1,1,8,0.028583,1.898672,0.38439700000000004,2.311652
12,35,1,0,512,1,1,3,2,1,1,9,0.024216,2.0636349999999997,0.399891,2.487742
13,34,1,0,512,1,1,3,1,1,1,0,0.028763,1.484782,0.357978,1.8715229999999998
13,34,1,0,512,1,1,3,1,1,1,1,0.034431,1.7333489999999998,0.456764,2.2245440000000003
13,34,1,0,512,1,1,3,1,1,1,2,0.027471,1.956747,0.046279,2.030497
13,34,1,0,512,1,1,3,1,1,1,3,0.040670000000000005,1.675983,0.428833,2.145486
13,34,1,0,512,1,1,3,1,1,1,4,0.026939,2.117846,0.935481,3.080266
13,34,1,0,512,1,1,3,1,1,1,5,0.031226000000000004,5.041581,0.415743,5.48855
13,34,1,0,512,1,1,3,1,1,1,6,0.049153,1.757023,0.402113,2.208289
13,34,1,0,512,1,1,3,1,1,1,7,0.035973000000000005,2.8954340000000003,0.444606,3.3760130000000004
13,34,1,0,512,1,1,3,1,1,1,8,0.035873,1.682273,0.423475,2.1416209999999998
13,34,1,0,512,1,1,3,1,1,1,9,0.031747,1.6398599999999999,0.40012000000000003,2.071727
14,33,1,0,512,1,1,3,0,0,1,0,0.027811,1.1441279999999998,0.9183760000000001,2.090315
14,33,1,0,512,1,1,3,0,0,1,1,0.032376999999999996,1.037682,0.384147,1.4542059999999999
14,33,1,0,512,1,1,3,0,0,1,2,0.036604,0.859058,0.39405100000000004,1.289713
14,33,1,0,512,1,1,3,0,0,1,3,0.026038000000000002,1.2633349999999999,0.44778100000000004,1.737154
14,33,1,0,512,1,1,3,0,0,1,4,0.028221999999999997,0.8921969999999999,0.405708,1.326127
14,33,1,0,512,1,1,3,0,0,1,5,0.043464,2.9568939999999997,0.4873,3.4876579999999997
14,33,1,0,512,1,1,3,0,0,1,6,0.050024,1.182466,0.49961700000000003,1.732107
14,33,1,0,512,1,1,3,0,0,1,7,0.036174000000000005,0.922592,0.7434769999999999,1.702243
14,33,1,0,512,1,1,3,0,0,1,8,0.026389,1.320048,0.44043,1.786867
14,33,1,0,512,1,1,3,0,0,1,9,0.03401,1.771835,0.369425,2.17527
15,32,1,0,512,1,1,5,0,1,1,0,0.04093,3.024134,0.412989,3.478053
15,32,1,0,512,1,1,5,0,1,1,1,0.040079000000000004,2.8357360000000003,0.452538,3.328353
15,32,1,0,512,1,1,5,0,1,1,2,0.043874,3.0233119999999998,0.41314,3.4803260000000003
15,32,1,0,512,1,1,5,0,1,1,3,0.033981,3.19188,0.406961,3.632822
15,32,1,0,512,1,1,5,0,1,1,4,0.036554,3.0815479999999997,0.373491,3.491593
15,32,1,0,512,1,1,5,0,1,1,5,0.032548,2.9427429999999997,0.340973,3.3162640000000003
15,32,1,0,512,1,1,5,0,1,1,6,0.043034,2.632095,0.37714600000000004,3.0522750000000003
15,32,1,0,512,1,1,5,0,1,1,7,0.030383999999999998,2.5098249999999998,0.466588,3.0067969999999997
15,32,1,0,512,1,1,5,0,1,1,8,0.025247000000000002,2.609451,1.3080450000000001,3.942743
15,32,1,0,512,1,1,5,0,1,1,9,0.041301000000000004,3.836833,0.448322,4.326456
16,31,1,0,512,1,1,1,0,1,1,0,0.039578,2.6522550000000003,0.44745,3.1392830000000003
16,31,1,0,512,1,1,1,0,1,1,1,0.050945000000000004,1.785625,0.360342,2.196912
16,31,1,0,512,1,1,1,0,1,1,2,0.046889,1.7899420000000001,0.60942,2.446251
16,31,1,0,512,1,1,1,0,1,1,3,0.044246,1.666549,0.391518,2.102313
16,31,1,0,512,1,1,1,0,1,1,4,0.03356,1.549286,0.415634,1.99848
16,31,1,0,512,1,1,1,0,1,1,5,0.031646999999999995,1.6036620000000001,0.427211,2.06252
16,31,1,0,512,1,1,1,0,1,1,6,0.029344,1.616901,0.40460700000000005,2.0508520000000003
16,31,1,0,512,1,1,1,0,1,1,7,0.035192,1.46995,0.482341,1.9874829999999999
16,31,1,0,512,1,1,1,0,1,1,8,0.033199,2.1100149999999998,0.423575,2.566789
16,31,1,0,512,1,1,1,0,1,1,9,0.046318,1.752246,0.37299099999999996,2.171555
17,30,1,0,512,1,2,3,0,1,1,0,0.028352,1.971109,0.476684,2.476145
17,30,1,0,512,1,2,3,0,1,1,1,0.032808000000000004,2.087962,0.364428,2.485198
17,30,1,0,512,1,2,3,0,1,1,2,0.036093,1.933604,0.436314,2.406011
17,30,1,0,512,1,2,3,0,1,1,3,0.042603,2.183853,0.38938500000000004,2.6158409999999996
17,30,1,0,512,1,2,3,0,1,1,4,0.034931000000000004,5.434872,0.011217,5.48102
17,30,1,0,512,1,2,3,0,1,1,5,0.036214,2.22237,0.383115,2.641699
17,30,1,0,512,1,2,3,0,1,1,6,0.037695,2.110775,0.380652,2.529122
17,30,1,0,512,1,2,3,0,1,1,7,0.032308,2.192526,0.422473,2.6473069999999996
17,30,1,0,512,1,2,3,0,1,1,8,0.032867999999999994,3.0373330000000003,1.3227119999999999,4.392913
17,30,1,0,512,1,2,3,0,1,1,9,0.044456,2.775506,2.173598,4.99356
18,29,1,0,512,1,0,3,0,1,1,0,0.047319,2.192757,0.38978500000000005,2.629861
18,29,1,0,512,1,0,3,0,1,1,1,0.033117999999999995,2.046085,0.394913,2.474116
18,29,1,0,512,1,0,3,0,1,1,2,0.034822,2.355361,0.37977,2.769953
18,29,1,0,512,1,0,3,0,1,1,3,0.037245,2.482814,0.06117999999999999,2.581239
18,29,1,0,512,1,0,3,0,1,1,4,0.035222,2.089804,0.380532,2.505558
18,29,1,0,512,1,0,3,0,1,1,5,0.045397,2.103244,0.38652000000000003,2.535161
18,29,1,0,512,1,0,3,0,1,1,6,0.032108,2.0374070000000004,0.37276,2.442275
18,29,1,0,512,1,0,3,0,1,1,7,0.047080000000000004,2.1533580000000003,0.377667,2.578105
18,29,1,0,512,1,0,3,0,1,1,8,0.033149,2.1100440000000003,0.333372,2.476565
18,29,1,0,512,1,0,3,0,1,1,9,0.041441,2.121671,0.38091200000000003,2.5440240000000003
19,28,1,0,512,2,1,3,0,1,1,0,0.065417,5.665121,0.468882,6.19942
19,28,1,0,512,2,1,3,0,1,1,1,0.087028,6.147413,0.058807,6.293248
19,28,1,0,512,2,1,3,0,1,1,2,0.08792,2.603913,0.5959,3.2877330000000002
19,28,1,0,512,2,1,3,0,1,1,3,0.065527,3.374009,0.549562,3.989098
19,28,1,0,512,2,1,3,0,1,1,4,0.069202,6.314199,0.542501,6.925902000000001
19,28,1,0,512,2,1,3,0,1,1,5,0.12348200000000001,2.183853,0.49807499999999993,2.8054099999999997
19,28,1,0,512,2,1,3,0,1,1,6,0.031537,2.056775,0.431157,2.519469
19,28,1,0,512,2,1,3,0,1,1,7,0.027580999999999998,2.035915,0.474921,2.538417
19,28,1,0,512,2,1,3,0,1,1,8,0.034091,2.487,0.017987,2.539078
19,28,1,0,512,2,1,3,0,1,1,9,0.034631,3.158923,0.8157340000000001,4.009288
20,27,1,0,512,0,1,3,0,1,1,0,0.03364,2.201269,0.486498,2.7214069999999997
20,27,1,0,512,0,1,3,0,1,1,1,0.029543000000000003,2.5437849999999997,0.593055,3.166383
20,27,1,0,512,0,1,3,0,1,1,2,0.034761,2.289699,0.51474,2.8392
20,27,1,0,512,0,1,3,0,1,1,3,0.03422,2.8576780000000004,0.463474,3.355372
20,27,1,0,512,0,1,3,0,1,1,4,0.041992,2.2709219999999997,0.479197,2.792111
20,27,1,0,512,0,1,3,0,1,1,5,0.027901,2.214949,0.47139600000000004,2.714246
20,27,1,0,512,0,1,3,0,1,1,6,0.038567,2.227893,0.40628000000000003,2.6727399999999997
20,27,1,0,512,0,1,3,0,1,1,7,0.061651,2.481192,0.951274,3.494117
20,27,1,0,512,0,1,3,0,1,1,8,0.039479,9.331622,0.8191890000000001,10.19029
20,27,1,0,512,0,1,3,0,1,1,9,0.115801,3.57745,0.569981,4.2632319999999995
21,26,1,0,1024,1,1,3,0,1,1,0,0.047109,2.5183269999999998,0.477835,3.0432710000000003
21,26,1,0,1024,1,1,3,0,1,1,1,0.037646,3.492845,0.451527,3.9820180000000005
21,26,1,0,1024,1,1,3,0,1,1,2,0.054419999999999996,4.4649,3.7058899999999997,8.22521
21,26,1,0,1024,1,1,3,0,1,1,3,0.073379,2.943083,0.5793149999999999,3.595777
21,26,1,0,1024,1,1,3,0,1,1,4,0.051026,2.6601559999999997,0.43364,3.144822
21,26,1,0,1024,1,1,3,0,1,1,5,0.039659,3.927306,1.568294,5.535259
21,26,1,0,1024,1,1,3,0,1,1,6,0.063474,9.995293,0.6492880000000001,10.708055
21,26,1,0,1024,1,1,3,0,1,1,7,0.102742,7.7483200000000005,0.113487,7.964549
21,26,1,0,1024,1,1,3,0,1,1,8,0.11237599999999999,3.6518800000000002,0.6256929999999999,4.389949
21,26,1,0,1024,1,1,3,0,1,1,9,0.09390899999999999,3.305568,0.6960580000000001,4.095535
22,25,1,0,256,1,1,3,0,1,1,0,0.035873,2.071477,0.48499600000000004,2.592346
22,25,1,0,256,1,1,3,0,1,1,1,0.027029,2.096304,0.481922,2.605255
22,25,1,0,256,1,1,3,0,1,1,2,0.043013,2.754626,0.851888,3.649527
22,25,1,0,256,1,1,3,0,1,1,3,0.043334000000000004,2.992035,0.078036,3.113405
22,25,1,0,256,1,1,3,0,1,1,4,0.039728000000000006,2.748637,0.5290009999999999,3.317366
22,25,1,0,256,1,1,3,0,1,1,5,0.031797,2.036726,0.397196,2.465719
22,25,1,0,256,1,1,3,0,1,1,6,0.063944,2.454142,0.7317950000000001,3.2498810000000002
22,25,1,0,256,1,1,3,0,1,1,7,0.034159999999999996,2.966819,0.068401,3.06938
22,25,1,0,256,1,1,3,0,1,1,8,0.030135,2.930055,0.038006000000000005,2.9981959999999996
22,25,1,0,256,1,1,3,0,1,1,9,0.038347,2.79165,0.059368,2.889365
23,24,1,0,512,1,1,3,0,1,1,0,0.033209,2.9719019999999996,0.490083,3.495194
23,24,1,0,512,1,1,3,0,1,1,1,0.033368999999999996,3.342924,0.450174,3.826467
23,24,1,0,512,1,1,3,0,1,1,2,0.046859,2.3134639999999997,0.578064,2.938387
23,24,1,0,512,1,1,3,0,1,1,3,0.036624000000000004,2.2361299999999997,0.439238,2.711992
23,24,1,0,512,1,1,3,0,1,1,4,0.03365,2.400052,0.421853,2.8555550000000003
23,24,1,0,512,1,1,3,0,1,1,5,0.036384,2.395626,0.868261,3.300271
23,24,1,0,512,1,1,3,0,1,1,6,0.04049,2.6796849999999997,0.571403,3.291578
23,24,1,0,512,1,1,3,0,1,1,7,0.032577999999999996,2.86625,0.466999,3.365827
23,24,1,0,512,1,1,3,0,1,1,8,0.031416,2.084687,0.427431,2.543534
23,24,1,0,512,1,1,3,0,1,1,9,0.026769,2.252505,0.479507,2.758781
24,23,0,1,512,1,1,3,2,1,1,0,0.032168,2.654267,0.429073,3.1155079999999997
24,23,0,1,512,1,1,3,2,1,1,1,0.031186000000000002,2.557734,0.485167,3.074087
24,23,0,1,512,1,1,3,2,1,1,2,0.035963,2.700225,0.452909,3.1890970000000003
24,23,0,1,512,1,1,3,2,1,1,3,0.038116,3.382293,0.5461659999999999,3.9665749999999997
24,23,0,1,512,1,1,3,2,1,1,4,0.027030000000000002,2.38524,0.597552,3.009822
24,23,0,1,512,1,1,3,2,1,1,5,0.027341,2.60236,0.551975,3.181676
24,23,0,1,512,1,1,3,2,1,1,6,0.02753,2.600158,0.49498000000000003,3.122668
24,23,0,1,512,1,1,3,2,1,1,7,0.02718,2.4860189999999998,0.482863,2.996062
24,23,0,1,512,1,1,3,2,1,1,8,0.025197,3.618321,0.629929,4.273447
24,23,0,1,512,1,1,3,2,1,1,9,0.027701,2.8166160000000002,0.536812,3.381129
25,22,0,1,512,1,1,3,1,1,1,0,0.023955999999999998,2.017457,0.65025,2.691663
25,22,0,1,512,1,1,3,1,1,1,1,0.026369,3.135648,0.6283270000000001,3.790344
25,22,0,1,512,1,1,3,1,1,1,2,0.027039999999999998,2.684101,0.438778,3.149919
25,22,0,1,512,1,1,3,1,1,1,3,0.037346,1.9053419999999999,0.404557,2.347245
25,22,0,1,512,1,1,3,1,1,1,4,0.024836999999999998,1.817502,0.491706,2.3340449999999997
25,22,0,1,512,1,1,3,1,1,1,5,0.045688,2.631474,0.44495599999999996,3.122118
25,22,0,1,512,1,1,3,1,1,1,6,0.036464,1.855008,0.58259,2.474062
25,22,0,1,512,1,1,3,1,1,1,7,0.03362,2.6050750000000003,0.510994,3.149689
25,22,0,1,512,1,1,3,1,1,1,8,0.026899000000000003,1.989176,0.484165,2.50024
25,22,0,1,512,1,1,3,1,1,1,9,0.032168,1.929537,0.450555,2.41226
26,21,0,1,512,1,1,3,0,0,1,0,0.02035,1.2838450000000001,0.543412,1.847607
26,21,0,1,512,1,1,3,0,0,1,1,0.019889,1.9989500000000002,0.5151300000000001,2.533969
26,21,0,1,512,1,1,3,0,0,1,2,0.092347,1.2539,0.5645929999999999,1.91084
26,21,0,1,512,1,1,3,0,0,1,3,0.029834,1.273008,0.567077,1.869919
26,21,0,1,512,1,1,3,0,0,1,4,0.031977000000000005,1.25359,0.552926,1.8384930000000002
26,21,0,1,512,1,1,3,0,0,1,5,0.030574999999999998,1.3286909999999998,0.447801,1.8070670000000002
26,21,0,1,512,1,1,3,0,0,1,6,0.028402,1.07712,0.447,1.552522
26,21,0,1,512,1,1,3,0,0,1,7,0.029954,1.297535,0.464375,1.791864
26,21,0,1,512,1,1,3,0,0,1,8,0.030145,2.519518,0.538505,3.088168
26,21,0,1,512,1,1,3,0,0,1,9,0.02769,1.114415,0.524995,1.6671
27,20,0,1,512,1,1,5,0,1,1,0,0.028272,2.9253880000000003,0.505586,3.459246
27,20,0,1,512,1,1,5,0,1,1,1,0.029263,3.9544819999999996,0.49745400000000006,4.481199
27,20,0,1,512,1,1,5,0,1,1,2,0.046609,3.175046,0.487169,3.708824
27,20,0,1,512,1,1,5,0,1,1,3,0.029354,2.884417,0.457235,3.3710060000000004
27,20,0,1,512,1,1,5,0,1,1,4,0.02694,3.0240430000000003,0.599515,3.650498
27,20,0,1,512,1,1,5,0,1,1,5,0.029824,3.836012,0.539316,4.405152
27,20,0,1,512,1,1,5,0,1,1,6,0.056672999999999994,3.629051,0.706168,4.3918919999999995
27,20,0,1,512,1,1,5,0,1,1,7,0.08573599999999999,3.436322,0.523052,4.04511
27,20,0,1,512,1,1,5,0,1,1,8,0.030444,3.474679,1.5340040000000001,5.039127
27,20,0,1,512,1,1,5,0,1,1,9,0.042723,3.507782,0.8821519999999999,4.432657
28,19,0,1,512,1,1,1,0,1,1,0,0.052327000000000005,2.183633,0.677239,2.913199
28,19,0,1,512,1,1,1,0,1,1,1,0.036654,2.151665,1.7596269999999998,3.947946
28,19,0,1,512,1,1,1,0,1,1,2,0.036554,2.3156779999999997,0.526547,2.878779
28,19,0,1,512,1,1,1,0,1,1,3,0.037746,2.206236,0.44972399999999996,2.693706
28,19,0,1,512,1,1,1,0,1,1,4,0.037215000000000005,2.176402,0.495351,2.708968
28,19,0,1,512,1,1,1,0,1,1,5,0.037224999999999994,1.847107,0.466127,2.350459
28,19,0,1,512,1,1,1,0,1,1,6,0.039768000000000005,2.026451,0.523683,2.589902
28,19,0,1,512,1,1,1,0,1,1,7,0.038856999999999996,2.5488720000000002,0.6236510000000001,3.2113799999999997
28,19,0,1,512,1,1,1,0,1,1,8,0.031326,2.8141339999999997,1.032013,3.877473
28,19,0,1,512,1,1,1,0,1,1,9,0.041531,3.0490410000000003,0.577452,3.6680240000000004
29,18,0,1,512,1,2,3,0,1,1,0,0.096633,3.6934609999999997,0.086628,3.876722
29,18,0,1,512,1,2,3,0,1,1,1,0.069172,4.6262229999999995,1.254371,5.949766
29,18,0,1,512,1,2,3,0,1,1,2,0.087298,3.067973,0.84674,4.0020109999999995
29,18,0,1,512,1,2,3,0,1,1,3,0.049893,3.1459729999999997,0.569431,3.765297
29,18,0,1,512,1,2,3,0,1,1,4,0.036925000000000006,3.716394,0.9188459999999999,4.672165
29,18,0,1,512,1,2,3,0,1,1,5,0.111224,3.758267,1.7550000000000001,5.624491
29,18,0,1,512,1,2,3,0,1,1,6,0.12934099999999998,3.836342,0.6240110000000001,4.589694
29,18,0,1,512,1,2,3,0,1,1,7,0.114138,3.9568700000000003,2.9717860000000003,7.042794
29,18,0,1,512,1,2,3,0,1,1,8,0.160807,7.362001,2.481452,10.004259999999999
29,18,0,1,512,1,2,3,0,1,1,9,0.144663,4.0523549999999995,0.465067,4.662085
30,17,0,1,512,1,0,3,0,1,1,0,0.05409,2.045739,0.616325,2.716154
30,17,0,1,512,1,0,3,0,1,1,1,0.036855,2.64289,0.46741000000000005,3.147155
30,17,0,1,512,1,0,3,0,1,1,2,0.045157,2.9593480000000003,0.558925,3.56343
30,17,0,1,512,1,0,3,0,1,1,3,0.068792,2.4108680000000002,0.423074,2.902734
30,17,0,1,512,1,0,3,0,1,1,4,0.045497,2.376507,0.43809699999999996,2.860101
30,17,0,1,512,1,0,3,0,1,1,5,0.050324,2.1971730000000003,0.476253,2.72375
30,17,0,1,512,1,0,3,0,1,1,6,0.041832,3.0516739999999998,0.466007,3.559513
30,17,0,1,512,1,0,3,0,1,1,7,0.04745,2.102993,0.37988099999999997,2.5303240000000002
30,17,0,1,512,1,0,3,0,1,1,8,0.045327,1.940704,0.405138,2.3911689999999997
30,17,0,1,512,1,0,3,0,1,1,9,0.033349000000000004,5.654956,0.051255999999999996,5.739561
31,16,0,1,512,2,1,3,0,1,1,0,0.03415000000000001,2.030507,0.541539,2.6061959999999997
31,16,0,1,512,2,1,3,0,1,1,1,0.030746,3.046346,0.804888,3.88198
31,16,0,1,512,2,1,3,0,1,1,2,0.054119999999999994,1.981785,0.511515,2.54742
31,16,0,1,512,2,1,3,0,1,1,3,0.122801,3.070732,0.480108,3.673641
31,16,0,1,512,2,1,3,0,1,1,4,0.046078,2.221369,0.37984999999999997,2.647297
31,16,0,1,512,2,1,3,0,1,1,5,0.040941,1.867276,0.391497,2.299714
31,16,0,1,512,2,1,3,0,1,1,6,0.035572,2.187529,0.5894900000000001,2.8125910000000003
31,16,0,1,512,2,1,3,0,1,1,7,0.030614999999999996,4.509291,0.090013,4.629919
31,16,0,1,512,2,1,3,0,1,1,8,0.055161,2.352542,0.479909,2.887612
31,16,0,1,512,2,1,3,0,1,1,9,0.034421,2.433401,0.450685,2.918507
32,15,0,1,512,0,1,3,0,1,1,0,0.087228,2.824549,0.8634040000000001,3.775181
32,15,0,1,512,0,1,3,0,1,1,1,0.055501999999999996,4.594842,0.171963,4.8223069999999995
32,15,0,1,512,0,1,3,0,1,1,2,0.105596,3.40151,2.442485,5.949591
32,15,0,1,512,0,1,3,0,1,1,3,0.10233199999999999,4.1956370000000005,0.599785,4.897754
32,15,0,1,512,0,1,3,0,1,1,4,0.073669,3.296725,1.283009,4.653403000000001
32,15,0,1,512,0,1,3,0,1,1,5,0.156281,4.043268,0.48889099999999996,4.68844
32,15,0,1,512,0,1,3,0,1,1,6,0.08386300000000001,2.883436,2.971175,5.938474
32,15,0,1,512,0,1,3,0,1,1,7,0.096993,4.243443,0.566767,4.907203
32,15,0,1,512,0,1,3,0,1,1,8,0.07041399999999999,5.802554,0.415173,6.2881409999999995
32,15,0,1,512,0,1,3,0,1,1,9,0.089082,2.630612,0.418127,3.1378209999999997
33,14,0,1,1024,1,1,3,0,1,1,0,0.14588500000000001,5.719822000000001,0.003355,5.8690620000000004
33,14,0,1,1024,1,1,3,0,1,1,1,0.110613,5.597351000000001,0.7661509999999999,6.474115
33,14,0,1,1024,1,1,3,0,1,1,2,0.103713,3.656446,1.2885220000000002,5.048681
33,14,0,1,1024,1,1,3,0,1,1,3,0.109342,3.744466,0.600947,4.4547550000000005
33,14,0,1,1024,1,1,3,0,1,1,4,0.154668,6.860595,1.145416,8.160679
33,14,0,1,1024,1,1,3,0,1,1,5,0.127618,4.7537259999999995,0.9640029999999999,5.845347
33,14,0,1,1024,1,1,3,0,1,1,6,0.125135,4.427695,0.496462,5.049292
33,14,0,1,1024,1,1,3,0,1,1,7,0.07975800000000001,2.560939,0.8822129999999999,3.52291
33,14,0,1,1024,1,1,3,0,1,1,8,0.044706,3.534076,0.918114,4.4968960000000004
33,14,0,1,1024,1,1,3,0,1,1,9,0.11701199999999999,3.0871459999999997,0.6773750000000001,3.881533
34,13,0,1,256,1,1,3,0,1,1,0,0.06353400000000001,7.1287210000000005,1.562736,8.754991
34,13,0,1,256,1,1,3,0,1,1,1,0.10001800000000001,3.711518,0.591933,4.403469
34,13,0,1,256,1,1,3,0,1,1,2,0.066548,2.60168,0.68433,3.3525579999999997
34,13,0,1,256,1,1,3,0,1,1,3,0.050114,3.8638320000000004,0.98898,4.902926
34,13,0,1,256,1,1,3,0,1,1,4,0.078485,4.301649,0.5556899999999999,4.935824
34,13,0,1,256,1,1,3,0,1,1,5,0.044195,2.247257,0.54877,2.840222
34,13,0,1,256,1,1,3,0,1,1,6,0.028472,2.8289449999999996,0.544474,3.401891
34,13,0,1,256,1,1,3,0,1,1,7,0.031155999999999996,2.4442880000000002,0.568123,3.043567
34,13,0,1,256,1,1,3,0,1,1,8,0.052017,2.337549,0.46701000000000004,2.856576
34,13,0,1,256,1,1,3,0,1,1,9,0.040359,2.136804,0.417386,2.5945489999999998
35,12,0,1,512,1,1,3,0,1,1,0,0.046819,15.010554,0.5367419999999999,15.594115
35,12,0,1,512,1,1,3,0,1,1,1,0.109221,3.785908,0.69128,4.586409
35,12,0,1,512,1,1,3,0,1,1,2,0.082121,2.424869,0.615448,3.122438
35,12,0,1,512,1,1,3,0,1,1,3,0.035491999999999996,4.9836860000000005,0.5664659999999999,5.585644
35,12,0,1,512,1,1,3,0,1,1,4,0.077414,5.643179,2.569873,8.290466
35,12,0,1,512,1,1,3,0,1,1,5,0.09805499999999999,7.145115,0.512987,7.756157
35,12,0,1,512,1,1,3,0,1,1,6,0.098014,3.948598,0.43387,4.480482
35,12,0,1,512,1,1,3,0,1,1,7,0.078345,4.909321,0.585714,5.57338
35,12,0,1,512,1,1,3,0,1,1,8,0.079247,2.729679,0.060259,2.869185
35,12,0,1,512,1,1,3,0,1,1,9,0.06857100000000001,2.0573069999999998,0.42489699999999997,2.550775
36,11,0,0,512,1,1,3,2,1,1,0,0.045528,2.155821,0.5023420000000001,2.7036909999999996
36,11,0,0,512,1,1,3,2,1,1,1,0.032498,1.957359,0.447791,2.4376480000000003
36,11,0,0,512,1,1,3,2,1,1,2,0.049223,2.4478820000000003,0.002284,2.499389
36,11,0,0,512,1,1,3,2,1,1,3,0.07869599999999999,2.3191230000000003,0.978664,3.376483
36,11,0,0,512,1,1,3,2,1,1,4,0.035131,2.386412,0.43733599999999995,2.858879
36,11,0,0,512,1,1,3,2,1,1,5,0.045667,2.069074,0.430776,2.5455170000000003
36,11,0,0,512,1,1,3,2,1,1,6,0.034251000000000004,2.083955,0.443635,2.561841
36,11,0,0,512,1,1,3,2,1,1,7,0.033069,2.296684,0.25054,2.580293
36,11,0,0,512,1,1,3,2,1,1,8,0.029674000000000002,1.881577,0.361874,2.273125
36,11,0,0,512,1,1,3,2,1,1,9,0.037876,1.825885,0.363877,2.2276380000000002
37,10,0,0,512,1,1,3,1,1,1,0,0.029804,2.408966,0.973171,3.411941
37,10,0,0,512,1,1,3,1,1,1,1,0.034520999999999996,2.306094,0.062231999999999996,2.402847
37,10,0,0,512,1,1,3,1,1,1,2,0.028843,1.765656,0.38483700000000004,2.179336
37,10,0,0,512,1,1,3,1,1,1,3,0.041551000000000005,1.934706,0.416705,2.3929620000000003
37,10,0,0,512,1,1,3,1,1,1,4,0.025537999999999998,1.996837,0.426079,2.448454
37,10,0,0,512,1,1,3,1,1,1,5,0.030976000000000004,1.677641,0.35407299999999997,2.06269
37,10,0,0,512,1,1,3,1,1,1,6,0.035933,1.521495,0.60963,2.167058
37,10,0,0,512,1,1,3,1,1,1,7,0.026137999999999998,2.083135,0.33235,2.441623
37,10,0,0,512,1,1,3,1,1,1,8,0.024655999999999997,1.6489740000000002,0.379761,2.053391
37,10,0,0,512,1,1,3,1,1,1,9,0.032097,1.783052,0.394101,2.20925
38,9,0,0,512,1,1,3,0,0,1,0,0.025999,0.8524379999999999,0.480159,1.358596
38,9,0,0,512,1,1,3,0,0,1,1,0.055282,0.8366549999999999,0.423865,1.3158020000000001
38,9,0,0,512,1,1,3,0,0,1,2,0.024766,0.796947,0.37471299999999996,1.196426
38,9,0,0,512,1,1,3,0,0,1,3,0.026659,1.032404,0.516032,1.5750950000000001
38,9,0,0,512,1,1,3,0,0,1,4,0.026268999999999997,0.8176169999999999,0.441231,1.2851169999999998
38,9,0,0,512,1,1,3,0,0,1,5,0.035583000000000004,0.888151,0.431777,1.355511
38,9,0,0,512,1,1,3,0,0,1,6,0.026649,0.8493539999999999,0.378448,1.254451
38,9,0,0,512,1,1,3,0,0,1,7,0.047240000000000004,0.7838769999999999,0.459648,1.290765
38,9,0,0,512,1,1,3,0,0,1,8,0.035982999999999994,0.8524579999999999,0.384788,1.2732290000000002
38,9,0,0,512,1,1,3,0,0,1,9,0.024366,0.891516,0.382705,1.298587
39,8,0,0,512,1,1,5,0,1,1,0,0.057404000000000004,4.595943,0.012739,4.666086
39,8,0,0,512,1,1,5,0,1,1,1,0.051216,5.019048,1.472843,6.543107
39,8,0,0,512,1,1,5,0,1,1,2,0.052488,3.613743,0.794117,4.460348000000001
39,8,0,0,512,1,1,5,0,1,1,3,0.098415,7.3705680000000005,0.46268299999999996,7.931666000000001
39,8,0,0,512,1,1,5,0,1,1,4,0.057275000000000006,6.8116829999999995,0.49600200000000005,7.36496
39,8,0,0,512,1,1,5,0,1,1,5,0.096823,8.590468,0.055672,8.742963
39,8,0,0,512,1,1,5,0,1,1,6,0.087118,3.2847280000000003,0.7210540000000001,4.0929
39,8,0,0,512,1,1,5,0,1,1,7,0.039548999999999994,3.3991960000000003,0.645022,4.083767
39,8,0,0,512,1,1,5,0,1,1,8,0.035222,4.035476,1.003832,5.07453
39,8,0,0,512,1,1,5,0,1,1,9,0.126447,7.321406,0.6384420000000001,8.086295
40,7,0,0,512,1,1,1,0,1,1,0,0.165865,2.172226,0.581939,2.92003
40,7,0,0,512,1,1,1,0,1,1,1,0.039328,1.987423,0.863875,2.8906259999999997
40,7,0,0,512,1,1,1,0,1,1,2,0.039108,3.111011,0.818748,3.968867
40,7,0,0,512,1,1,1,0,1,1,3,0.10862999999999999,3.473587,0.01379,3.596007
40,7,0,0,512,1,1,1,0,1,1,4,0.051015,2.074382,0.49726299999999996,2.62266
40,7,0,0,512,1,1,1,0,1,1,5,0.034721,4.023578,0.104935,4.163234
40,7,0,0,512,1,1,1,0,1,1,6,0.061470000000000004,2.125457,0.680955,2.867882
40,7,0,0,512,1,1,1,0,1,1,7,0.05391,1.9370290000000001,0.6596329999999999,2.650572
40,7,0,0,512,1,1,1,0,1,1,8,0.036153,2.017738,0.648387,2.7022779999999997
40,7,0,0,512,1,1,1,0,1,1,9,0.036183,1.779016,0.530673,2.345872
41,6,0,0,512,1,2,3,0,1,1,0,0.08178099999999999,2.320935,0.783637,3.186353
41,6,0,0,512,1,2,3,0,1,1,1,0.044115,2.282018,0.46002899999999997,2.786162
41,6,0,0,512,1,2,3,0,1,1,2,0.037024999999999995,2.53442,0.482893,3.054338
41,6,0,0,512,1,2,3,0,1,1,3,0.036835,2.389577,0.470304,2.896716
41,6,0,0,512,1,2,3,0,1,1,4,0.034531,2.9924359999999997,0.640215,3.6671820000000004
41,6,0,0,512,1,2,3,0,1,1,5,0.043514,2.4236869999999997,0.46109,2.9282909999999998
41,6,0,0,512,1,2,3,0,1,1,6,0.049673999999999996,3.13726,1.424582,4.611516000000001
41,6,0,0,512,1,2,3,0,1,1,7,0.069092,5.7872710000000005,0.646605,6.502967999999999
41,6,0,0,512,1,2,3,0,1,1,8,0.097444,2.629842,0.513177,3.2404629999999996
41,6,0,0,512,1,2,3,0,1,1,9,0.053389,2.789036,0.65762,3.5000449999999996
42,5,0,0,512,1,0,3,0,1,1,0,0.037045,2.3688860000000003,0.537583,2.943514
42,5,0,0,512,1,0,3,0,1,1,1,0.036403,2.058398,0.401213,2.496014
42,5,0,0,512,1,0,3,0,1,1,2,0.028371999999999998,5.005026,0.5978929999999999,5.631291
42,5,0,0,512,1,0,3,0,1,1,3,0.073578,2.0180789999999997,0.44520699999999996,2.5368639999999996
42,5,0,0,512,1,0,3,0,1,1,4,0.042762999999999995,2.152757,0.424937,2.620457
42,5,0,0,512,1,0,3,0,1,1,5,0.037104000000000005,2.8508679999999997,0.5572819999999999,3.445254
42,5,0,0,512,1,0,3,0,1,1,6,0.074791,8.951787,0.641066,9.667644
42,5,0,0,512,1,0,3,0,1,1,7,0.09584100000000001,2.572617,0.512366,3.180824
42,5,0,0,512,1,0,3,0,1,1,8,0.061111000000000006,3.712279,0.721635,4.495025
42,5,0,0,512,1,0,3,0,1,1,9,0.07425899999999999,5.633585,0.092526,5.80037
43,4,0,0,512,2,1,3,0,1,1,0,0.035212,2.7844990000000003,0.68406,3.503771
43,4,0,0,512,2,1,3,0,1,1,1,0.057315000000000005,5.900739000000001,0.45695399999999997,6.415008
43,4,0,0,512,2,1,3,0,1,1,2,0.080449,2.646475,0.398629,3.125553
43,4,0,0,512,2,1,3,0,1,1,3,0.046689,2.805761,0.4334,3.28585
43,4,0,0,512,2,1,3,0,1,1,4,0.040420000000000005,3.316425,0.770086,4.126931000000001
43,4,0,0,512,2,1,3,0,1,1,5,0.068371,3.233693,0.441301,3.743365
43,4,0,0,512,2,1,3,0,1,1,6,0.198553,2.782126,0.5260370000000001,3.506716
43,4,0,0,512,2,1,3,0,1,1,7,0.045848,3.125773,0.8825630000000001,4.054183999999999
43,4,0,0,512,2,1,3,0,1,1,8,0.07493999999999999,6.255893,1.3717549999999998,7.7025879999999995
43,4,0,0,512,2,1,3,0,1,1,9,0.090864,3.9946260000000002,0.855933,4.941423
44,3,0,0,512,0,1,3,0,1,1,0,0.066308,5.652081,0.813631,6.53202
44,3,0,0,512,0,1,3,0,1,1,1,0.099827,3.396393,1.173612,4.6698319999999995
44,3,0,0,512,0,1,3,0,1,1,2,0.087499,4.471159,0.6634800000000001,5.222138
44,3,0,0,512,0,1,3,0,1,1,3,0.081541,4.006583,0.090654,4.178778
44,3,0,0,512,0,1,3,0,1,1,4,0.055813,4.217524,0.259643,4.53298
44,3,0,0,512,0,1,3,0,1,1,5,0.07236699999999999,4.39086,0.672328,5.135555
44,3,0,0,512,0,1,3,0,1,1,6,0.06770000000000001,2.563774,0.515881,3.147355
44,3,0,0,512,0,1,3,0,1,1,7,0.036214,2.724371,0.588098,3.348683
44,3,0,0,512,0,1,3,0,1,1,8,0.044975999999999995,2.498558,1.157158,3.7006919999999996
44,3,0,0,512,0,1,3,0,1,1,9,0.034561,2.293254,0.526778,2.854593
45,2,0,0,1024,1,1,3,0,1,1,0,0.06295300000000001,5.5663350000000005,1.05358,6.682868
45,2,0,0,1024,1,1,3,0,1,1,1,0.102451,8.650487,0.741845,9.494783
45,2,0,0,1024,1,1,3,0,1,1,2,0.105265,5.786020000000001,0.67123,6.562514999999999
45,2,0,0,1024,1,1,3,0,1,1,3,0.089572,4.507207,1.5261319999999998,6.122911
45,2,0,0,1024,1,1,3,0,1,1,4,0.10409299999999999,3.970721,0.056363,4.131177
45,2,0,0,1024,1,1,3,0,1,1,5,0.06466599999999999,2.284291,0.50809,2.857047
45,2,0,0,1024,1,1,3,0,1,1,6,0.043234,2.809717,0.483834,3.336785
45,2,0,0,1024,1,1,3,0,1,1,7,0.053538999999999996,4.413193000000001,1.21269,5.679422
45,2,0,0,1024,1,1,3,0,1,1,8,0.083273,2.552627,0.443425,3.079325
45,2,0,0,1024,1,1,3,0,1,1,9,0.050865,2.622781,0.42392599999999997,3.097572
46,1,0,0,256,1,1,3,0,1,1,0,0.110182,7.857907000000001,0.004667,7.9727559999999995
46,1,0,0,256,1,1,3,0,1,1,1,0.106667,4.630554,0.07474099999999999,4.811962
46,1,0,0,256,1,1,3,0,1,1,2,0.074229,4.086011,1.525631,5.685871000000001
46,1,0,0,256,1,1,3,0,1,1,3,0.09322799999999999,2.34441,1.376922,3.8145599999999997
46,1,0,0,256,1,1,3,0,1,1,4,0.103813,3.088458,0.46723000000000003,3.659501
46,1,0,0,256,1,1,3,0,1,1,5,0.061279999999999994,2.325172,0.504054,2.8905060000000002
46,1,0,0,256,1,1,3,0,1,1,6,0.046879000000000004,3.385416,1.823141,5.2554359999999996
46,1,0,0,256,1,1,3,0,1,1,7,0.113638,2.627968,0.374663,3.116269
46,1,0,0,256,1,1,3,0,1,1,8,0.04713,3.67901,0.7230070000000001,4.449147
46,1,0,0,256,1,1,3,0,1,1,9,0.077294,4.234099,0.842123,5.153516000000001
47,0,0,0,512,1,1,3,0,1,1,0,0.063383,9.486631000000001,0.040359,9.590373
47,0,0,0,512,1,1,3,0,1,1,1,0.082612,8.709364,2.291562,11.083538
47,0,0,0,512,1,1,3,0,1,1,2,0.10179,6.905571,0.450425,7.4577860000000005
47,0,0,0,512,1,1,3,0,1,1,3,0.10174,2.523094,0.44598800000000005,3.070822
47,0,0,0,512,1,1,3,0,1,1,4,0.041982,2.026361,0.510563,2.5789060000000004
47,0,0,0,512,1,1,3,0,1,1,5,0.028141,2.1015119999999996,0.682707,2.81236
47,0,0,0,512,1,1,3,0,1,1,6,0.028332,2.0737910000000004,0.537133,2.639256
47,0,0,0,512,1,1,3,0,1,1,7,0.037104000000000005,4.360025,0.864977,5.262106
47,0,0,0,512,1,1,3,0,1,1,8,0.055732000000000004,3.247533,0.420671,3.723936
47,0,0,0,512,1,1,3,0,1,1,9,0.06792,2.0992889999999997,0.41328,2.580489
0,24,1,0,512,1,1,3,0,1,2,0,0.041992,2.278343,0.40112200000000003,2.721457
0,24,1,0,512,1,1,3,0,1,2,1,0.033359,2.122993,0.456304,2.6126560000000003
0,24,1,0,512,1,1,3,0,1,2,2,0.041992,2.551856,0.471706,3.0655539999999997
0,24,1,0,512,1,1,3,0,1,2,3,0.036654,2.3896569999999997,0.687474,3.113785
0,24,1,0,512,1,1,3,0,1,2,4,0.051706,2.454753,0.354933,2.861392
0,24,1,0,512,1,1,3,0,1,2,5,0.051276,2.995651,0.602118,3.649045
0,24,1,0,512,1,1,3,0,1,2,6,0.049533,4.7620190000000004,0.6515209999999999,5.463073
0,24,1,0,512,1,1,3,0,1,2,7,0.055822000000000004,4.335389,0.49613299999999994,4.887344
0,24,1,0,512,1,1,3,0,1,2,8,0.050054,3.145121,1.267421,4.4625960000000005
0,24,1,0,512,1,1,3,0,1,2,9,0.066068,5.000134,1.1417650000000001,6.207967
1,25,1,0,256,1,1,3,0,1,2,0,0.055282,2.420177,0.484335,2.959794
1,25,1,0,256,1,1,3,0,1,2,1,0.048191,2.5245659999999996,0.394993,2.96775
1,25,1,0,256,1,1,3,0,1,2,2,0.039087000000000004,2.317741,0.43173700000000004,2.7885649999999997
1,25,1,0,256,1,1,3,0,1,2,3,0.038687,2.268899,1.618454,3.9260400000000004
1,25,1,0,256,1,1,3,0,1,2,4,0.044716,3.211895,0.41913900000000004,3.6757500000000003
1,25,1,0,256,1,1,3,0,1,2,5,0.046739,2.310681,0.361613,2.719033
1,25,1,0,256,1,1,3,0,1,2,6,0.054741000000000005,2.408004,0.505396,2.968141
1,25,1,0,256,1,1,3,0,1,2,7,0.048140999999999996,2.2372210000000003,0.47132599999999997,2.756688
1,25,1,0,256,1,1,3,0,1,2,8,0.037465,2.4396999999999998,0.436354,2.913519
1,25,1,0,256,1,1,3,0,1,2,9,0.037595,2.224313,0.391628,2.6535360000000003
2,26,1,0,1024,1,1,3,0,1,2,0,0.080889,3.710777,0.389765,4.181431
2,26,1,0,1024,1,1,3,0,1,2,1,0.055892,4.404351,0.45754500000000004,4.917788
2,26,1,0,1024,1,1,3,0,1,2,2,0.046779,3.564251,0.884966,4.495996000000001
2,26,1,0,1024,1,1,3,0,1,2,3,0.09103399999999999,5.737754000000001,0.651842,6.480630000000001
2,26,1,0,1024,1,1,3,0,1,2,4,0.095851,5.988023,0.747934,6.831808
2,26,1,0,1024,1,1,3,0,1,2,5,0.403265,5.119456,0.49368899999999993,6.01641
2,26,1,0,1024,1,1,3,0,1,2,6,0.09338700000000001,3.711268,0.425798,4.230453000000001
2,26,1,0,1024,1,1,3,0,1,2,7,0.07325799999999999,5.303297000000001,0.520459,5.8970139999999995
2,26,1,0,1024,1,1,3,0,1,2,8,0.086367,2.8840570000000003,0.459328,3.4297519999999997
2,26,1,0,1024,1,1,3,0,1,2,9,0.057415,2.82565,0.48450499999999996,3.3675699999999997
3,27,1,0,512,0,1,3,0,1,2,0,0.048422,2.232645,0.42025,2.701317
3,27,1,0,512,0,1,3,0,1,2,1,0.043233,2.386132,0.435152,2.864517
3,27,1,0,512,0,1,3,0,1,2,2,0.041441,2.24939,0.404968,2.695799
3,27,1,0,512,0,1,3,0,1,2,3,0.036443,2.4881320000000002,0.036745,2.5613200000000003
3,27,1,0,512,0,1,3,0,1,2,4,0.041191,5.371898,1.563388,6.976477
3,27,1,0,512,0,1,3,0,1,2,5,0.048221,4.240398,0.781864,5.070482999999999
3,27,1,0,512,0,1,3,0,1,2,6,0.069142,2.803878,0.435693,3.308713
3,27,1,0,512,0,1,3,0,1,2,7,0.060519,2.525678,0.405188,2.991385
3,27,1,0,512,0,1,3,0,1,2,8,0.041100000000000005,2.7033500000000004,0.558304,3.302754
3,27,1,0,512,0,1,3,0,1,2,9,0.038355999999999994,2.1863669999999997,0.409564,2.634287
4,28,1,0,512,2,1,3,0,1,2,0,0.03356,2.773012,0.46421500000000004,3.270787
4,28,1,0,512,2,1,3,0,1,2,1,0.040349,2.399932,0.43655499999999997,2.876836
4,28,1,0,512,2,1,3,0,1,2,2,0.041471,2.0014339999999997,0.361593,2.4044980000000002
4,28,1,0,512,2,1,3,0,1,2,3,0.036464,2.845439,1.203897,4.0858
4,28,1,0,512,2,1,3,0,1,2,4,0.043745,3.114216,0.479678,3.6376389999999996
4,28,1,0,512,2,1,3,0,1,2,5,0.148649,2.8872820000000003,0.7896449999999999,3.825576
4,28,1,0,512,2,1,3,0,1,2,6,0.054851000000000004,3.585953,0.661997,4.3028010000000005
4,28,1,0,512,2,1,3,0,1,2,7,0.09132399999999999,5.7467120000000005,0.5470969999999999,6.385133000000001
4,28,1,0,512,2,1,3,0,1,2,8,0.070604,6.198228,4.137146,10.405978
4,28,1,0,512,2,1,3,0,1,2,9,0.060829999999999995,5.851426,0.539045,6.451301000000001
5,29,1,0,512,1,0,3,0,1,2,0,0.038617,2.874902,0.593416,3.506935
5,29,1,0,512,1,0,3,0,1,2,1,0.036624000000000004,2.745773,0.615328,3.397725
5,29,1,0,512,1,0,3,0,1,2,2,0.06901199999999999,2.8666910000000003,0.6038009999999999,3.539504
5,29,1,0,512,1,0,3,0,1,2,3,0.035552,2.7975790000000003,0.655728,3.488859
5,29,1,0,512,1,0,3,0,1,2,4,0.057985,2.9310460000000003,0.61632,3.605351
5,29,1,0,512,1,0,3,0,1,2,5,0.033069,2.859801,0.54919,3.4420599999999997
5,29,1,0,512,1,0,3,0,1,2,6,0.057175000000000004,2.473781,0.48079900000000003,3.011755
5,29,1,0,512,1,0,3,0,1,2,7,0.053069000000000005,2.3431580000000003,0.458386,2.854613
5,29,1,0,512,1,0,3,0,1,2,8,0.033499,2.557545,0.474821,3.065865
5,29,1,0,512,1,0,3,0,1,2,9,0.035823,2.448303,0.47739499999999996,2.961521
6,30,1,0,512,1,2,3,0,1,2,0,0.09496,2.5496030000000003,0.52157,3.166133
6,30,1,0,512,1,2,3,0,1,2,1,0.034811,2.399892,0.479087,2.9137899999999997
6,30,1,0,512,1,2,3,0,1,2,2,0.033819999999999996,2.295077,0.403045,2.7319419999999996
6,30,1,0,512,1,2,3,0,1,2,3,0.032027,2.428805,0.40293399999999996,2.8637659999999996
6,30,1,0,512,1,2,3,0,1,2,4,0.042803,2.262409,0.9570829999999999,3.262295
6,30,1,0,512,1,2,3,0,1,2,5,0.058455999999999994,2.795846,0.5364220000000001,3.390724
6,30,1,0,512,1,2,3,0,1,2,6,0.039078,2.3332029999999997,0.8094899999999999,3.181771
6,30,1,0,512,1,2,3,0,1,2,7,0.10971199999999999,2.496655,0.459513,3.06588
6,30,1,0,512,1,2,3,0,1,2,8,0.034860999999999996,2.260816,0.445979,2.741656
6,30,1,0,512,1,2,3,0,1,2,9,0.034351,2.351961,0.629138,3.01545
7,31,1,0,512,1,1,1,0,1,2,0,0.043414,1.807949,0.43361,2.284973
7,31,1,0,512,1,1,1,0,1,2,1,0.041482,1.7517749999999999,0.35131799999999996,2.144575
7,31,1,0,512,1,1,1,0,1,2,2,0.046178,1.6704860000000001,0.446849,2.163513
7,31,1,0,512,1,1,1,0,1,2,3,0.03388,1.548926,0.34113299999999996,1.9239389999999998
7,31,1,0,512,1,1,1,0,1,2,4,0.061780999999999996,1.679419,0.42701,2.1682099999999997
7,31,1,0,512,1,1,1,0,1,2,5,0.036044,2.898527,0.415734,3.350305
7,31,1,0,512,1,1,1,0,1,2,6,0.037134,1.929338,0.442353,2.4088249999999998
7,31,1,0,512,1,1,1,0,1,2,7,0.052307,2.25602,1.390482,3.698809
7,31,1,0,512,1,1,1,0,1,2,8,0.073448,3.4090219999999998,0.087539,3.5700089999999998
7,31,1,0,512,1,1,1,0,1,2,9,0.040519,1.930189,0.498676,2.469384
8,32,1,0,512,1,1,5,0,1,2,0,0.030936,2.881323,0.599985,3.512244
8,32,1,0,512,1,1,5,0,1,2,1,0.030645000000000002,3.603479,1.722622,5.356746
8,32,1,0,512,1,1,5,0,1,2,2,0.031556,4.744011,0.949021,5.724588
8,32,1,0,512,1,1,5,0,1,2,3,0.036433999999999994,2.972757,0.481741,3.490932
8,32,1,0,512,1,1,5,0,1,2,4,0.027501,2.94763,0.448943,3.424074
8,32,1,0,512,1,1,5,0,1,2,5,0.028452,2.9892719999999997,0.38264499999999996,3.400369
8,32,1,0,512,1,1,5,0,1,2,6,0.04046,2.903445,0.490274,3.434179
8,32,1,0,512,1,1,5,0,1,2,7,0.034581,3.181466,0.375985,3.592032
8,32,1,0,512,1,1,5,0,1,2,8,0.028552,2.76438,0.37955999999999995,3.1724919999999996
8,32,1,0,512,1,1,5,0,1,2,9,0.028082,3.160735,0.35233,3.541147
9,33,1,0,512,1,1,3,0,0,2,0,0.020901,0.9506830000000001,0.49968699999999994,1.471271
9,33,1,0,512,1,1,3,0,0,2,1,0.023204,0.98271,0.38697200000000004,1.392886
9,33,1,0,512,1,1,3,0,0,2,2,0.062693,1.181724,0.388263,1.6326800000000001
9,33,1,0,512,1,1,3,0,0,2,3,0.022624,0.8563839999999999,0.33662600000000004,1.2156339999999999
9,33,1,0,512,1,1,3,0,0,2,4,0.032428,0.9324560000000001,0.5113449999999999,1.476229
9,33,1,0,512,1,1,3,0,0,2,5,0.023014,2.808465,0.754523,3.586002
9,33,1,0,512,1,1,3,0,0,2,6,0.102381,1.399456,0.451506,1.9533430000000003
9,33,1,0,512,1,1,3,0,0,2,7,0.035192,2.553123,4.166019,6.754334
9,33,1,0,512,1,1,3,0,0,2,8,0.084865,1.0877459999999999,0.8507750000000001,2.023386
9,33,1,0,512,1,1,3,0,0,2,9,0.04083,0.987698,0.48496500000000003,1.513493
10,34,1,0,512,1,1,3,1,1,2,0,0.035563,1.5095480000000001,0.403906,1.949017
10,34,1,0,512,1,1,3,1,1,2,1,0.086147,1.649074,0.38085199999999997,2.116073
10,34,1,0,512,1,1,3,1,1,2,2,0.034351,1.548905,0.397547,1.980803
10,34,1,0,512,1,1,3,1,1,2,3,0.025207,1.588624,0.385519,1.99935
10,34,1,0,512,1,1,3,1,1,2,4,0.032027,2.104406,0.46757,2.604003
10,34,1,0,512,1,1,3,1,1,2,5,0.027941,1.7741790000000002,0.401793,2.203913
10,34,1,0,512,1,1,3,1,1,2,6,0.02733,2.470682,1.180181,3.6781930000000003
10,34,1,0,512,1,1,3,1,1,2,7,0.043534,1.73415,0.437836,2.2155199999999997
10,34,1,0,512,1,1,3,1,1,2,8,0.026018,1.7462179999999998,0.42715,2.1993859999999996
10,34,1,0,512,1,1,3,1,1,2,9,0.025027,1.635734,0.451326,2.112087
11,35,1,0,512,1,1,3,2,1,2,0,0.040069,4.556254,0.548861,5.1451839999999995
11,35,1,0,512,1,1,3,2,1,2,1,0.058927,2.413682,0.483804,2.9564130000000004
11,35,1,0,512,1,1,3,2,1,2,2,0.046318,2.5597480000000004,0.472077,3.0781430000000003
11,35,1,0,512,1,1,3,2,1,2,3,0.033169,2.573638,0.368024,2.974831
11,35,1,0,512,1,1,3,2,1,2,4,0.036393999999999996,2.401745,0.47774500000000003,2.915884
11,35,1,0,512,1,1,3,2,1,2,5,0.045718,2.208679,0.464366,2.718763
11,35,1,0,512,1,1,3,2,1,2,6,0.045877,2.2652039999999998,0.41817699999999997,2.729258
11,35,1,0,512,1,1,3,2,1,2,7,0.049262,2.641499,0.45134599999999997,3.1421069999999998
11,35,1,0,512,1,1,3,2,1,2,8,0.065376,2.2865450000000003,0.411377,2.763298
11,35,1,0,512,1,1,3,2,1,2,9,0.035473,2.418389,0.512416,2.966278
12,36,1,1,512,1,1,3,0,1,2,0,0.056142,2.497146,0.422033,2.975321
12,36,1,1,512,1,1,3,0,1,2,1,0.058576,4.920202000000001,0.7866909999999999,5.7654689999999995
12,36,1,1,512,1,1,3,0,1,2,2,0.069953,2.945567,0.628593,3.644113
12,36,1,1,512,1,1,3,0,1,2,3,0.093107,2.7852710000000003,0.533197,3.411575
12,36,1,1,512,1,1,3,0,1,2,4,0.065607,3.705133,0.607887,4.378627000000001
12,36,1,1,512,1,1,3,0,1,2,5,0.061901000000000005,4.784361,0.5057170000000001,5.351979
12,36,1,1,512,1,1,3,0,1,2,6,0.057846,3.263907,1.088511,4.410264
12,36,1,1,512,1,1,3,0,1,2,7,0.052197,2.33072,0.443104,2.8260210000000003
12,36,1,1,512,1,1,3,0,1,2,8,0.042561999999999996,3.213764,0.566235,3.822561
12,36,1,1,512,1,1,3,0,1,2,9,0.050164,4.392052,0.5163019999999999,4.958518000000001
13,37,1,1,256,1,1,3,0,1,2,0,0.051004999999999995,2.049034,0.419649,2.519688
13,37,1,1,256,1,1,3,0,1,2,1,0.034941,3.589778,0.791008,4.415727
13,37,1,1,256,1,1,3,0,1,2,2,0.046289,3.065754,0.75234,3.8643829999999997
13,37,1,1,256,1,1,3,0,1,2,3,0.045086,2.326083,0.384598,2.755767
13,37,1,1,256,1,1,3,0,1,2,4,0.035903,2.0809420000000003,1.147003,3.2638480000000003
13,37,1,1,256,1,1,3,0,1,2,5,0.054851000000000004,2.476035,0.419549,2.950435
13,37,1,1,256,1,1,3,0,1,2,6,0.032158,2.069203,0.6317729999999999,2.7331339999999997
13,37,1,1,256,1,1,3,0,1,2,7,0.03353,2.273986,1.114014,3.4215299999999997
13,37,1,1,256,1,1,3,0,1,2,8,0.077824,4.805533,0.822714,5.706071
13,37,1,1,256,1,1,3,0,1,2,9,0.046468999999999996,2.542843,0.547237,3.136549
14,38,1,1,1024,1,1,3,0,1,2,0,0.038856999999999996,3.0640229999999997,0.564793,3.667673
14,38,1,1,1024,1,1,3,0,1,2,1,0.034069999999999996,3.091954,0.5632910000000001,3.6893149999999997
14,38,1,1,1024,1,1,3,0,1,2,2,0.028953,4.913851999999999,0.7675829999999999,5.710388
14,38,1,1,1024,1,1,3,0,1,2,3,0.037505000000000004,3.290537,0.574327,3.902369
14,38,1,1,1024,1,1,3,0,1,2,4,0.033399000000000005,3.490321,0.55537,4.07909
14,38,1,1,1024,1,1,3,0,1,2,5,0.029564,3.790203,0.49785499999999994,4.317622
14,38,1,1,1024,1,1,3,0,1,2,6,0.04079,3.499535,0.6140260000000001,4.154351
14,38,1,1,1024,1,1,3,0,1,2,7,0.030425,3.5591630000000003,0.60361,4.193198000000001
14,38,1,1,1024,1,1,3,0,1,2,8,0.031527,3.2123109999999997,0.6098,3.853638
14,38,1,1,1024,1,1,3,0,1,2,9,0.030175,3.196688,0.518395,3.745258
15,39,1,1,512,0,1,3,0,1,2,0,0.034792000000000003,3.277151,1.119492,4.4314350000000005
15,39,1,1,512,0,1,3,0,1,2,1,0.037685,3.870453,0.101089,4.009227
15,39,1,1,512,0,1,3,0,1,2,2,0.033370000000000004,2.765772,0.039538,2.83868
15,39,1,1,512,0,1,3,0,1,2,3,0.039659,2.592982,0.510123,3.142764
15,39,1,1,512,0,1,3,0,1,2,4,0.037105,2.470917,0.504154,3.012176
15,39,1,1,512,0,1,3,0,1,2,5,0.044015,2.379151,0.48539600000000005,2.908562
15,39,1,1,512,0,1,3,0,1,2,6,0.043014,2.4068620000000003,0.541519,2.991395
15,39,1,1,512,0,1,3,0,1,2,7,0.032538,4.65449,0.563532,5.250559999999999
15,39,1,1,512,0,1,3,0,1,2,8,0.051326000000000004,2.821214,0.512246,3.384786
15,39,1,1,512,0,1,3,0,1,2,9,0.050144,2.738922,0.45323899999999995,3.242305
16,40,1,1,512,2,1,3,0,1,2,0,0.04085,2.178966,0.796265,3.016081
16,40,1,1,512,2,1,3,0,1,2,1,0.036474,2.232405,0.431427,2.700306
16,40,1,1,512,2,1,3,0,1,2,2,0.034621,2.315217,1.469439,3.819277
16,40,1,1,512,2,1,3,0,1,2,3,0.030054,2.535192,0.563111,3.128357
16,40,1,1,512,2,1,3,0,1,2,4,0.027941,2.447803,0.583381,3.0591250000000003
16,40,1,1,512,2,1,3,0,1,2,5,0.027371,4.439011,0.90128,5.367661999999999
16,40,1,1,512,2,1,3,0,1,2,6,0.031786999999999996,2.686505,0.454331,3.1726229999999997
16,40,1,1,512,2,1,3,0,1,2,7,0.045617,4.050122,0.038287,4.1340259999999995
16,40,1,1,512,2,1,3,0,1,2,8,0.037345,2.272334,0.031696,2.341375
16,40,1,1,512,2,1,3,0,1,2,9,0.027711,2.571005,0.402564,3.00128
17,41,1,1,512,1,0,3,0,1,2,0,0.031867,2.385771,0.518325,2.935963
17,41,1,1,512,1,0,3,0,1,2,1,0.026119,2.3333239999999997,0.49795500000000004,2.8573980000000003
17,41,1,1,512,1,0,3,0,1,2,2,0.029013,2.424839,0.47426,2.928112
17,41,1,1,512,1,0,3,0,1,2,3,0.057345,2.45976,0.443685,2.9607900000000003
17,41,1,1,512,1,0,3,0,1,2,4,0.029424000000000002,1.9947139999999999,0.507609,2.531747
17,41,1,1,512,1,0,3,0,1,2,5,0.035151999999999996,2.218985,0.464555,2.718692
17,41,1,1,512,1,0,3,0,1,2,6,0.036433999999999994,2.4259,0.488401,2.950735
17,41,1,1,512,1,0,3,0,1,2,7,0.024766999999999997,2.5017020000000003,0.515761,3.04223
17,41,1,1,512,1,0,3,0,1,2,8,0.02707,2.2354190000000003,0.455342,2.717831
17,41,1,1,512,1,0,3,0,1,2,9,0.028602000000000002,2.300335,0.471767,2.800704
18,42,1,1,512,1,2,3,0,1,2,0,0.049303,2.50033,0.461551,3.011184
18,42,1,1,512,1,2,3,0,1,2,1,0.034310999999999994,2.4974760000000003,0.46736,2.9991470000000002
18,42,1,1,512,1,2,3,0,1,2,2,0.032038000000000004,2.318672,0.49313700000000005,2.8438470000000002
18,42,1,1,512,1,2,3,0,1,2,3,0.03372,2.187959,0.45048499999999997,2.672164
18,42,1,1,512,1,2,3,0,1,2,4,0.032367,2.348827,0.438627,2.819821
18,42,1,1,512,1,2,3,0,1,2,5,0.045858,2.2005380000000003,0.469192,2.7155880000000003
18,42,1,1,512,1,2,3,0,1,2,6,0.032437999999999995,2.5652359999999996,0.47717400000000004,3.074848
18,42,1,1,512,1,2,3,0,1,2,7,0.032568,2.345612,0.466198,2.844378
18,42,1,1,512,1,2,3,0,1,2,8,0.035432000000000005,2.957495,0.44713,3.440057
18,42,1,1,512,1,2,3,0,1,2,9,0.047420000000000004,2.413111,0.46735899999999997,2.9278899999999997
19,43,1,1,512,1,1,1,0,1,2,0,0.057294,3.560626,3.6926390000000002,7.3105590000000005
19,43,1,1,512,1,1,1,0,1,2,1,0.085276,2.539538,0.443574,3.068388
19,43,1,1,512,1,1,1,0,1,2,2,0.058656,1.9534830000000003,0.42046100000000003,2.4326
19,43,1,1,512,1,1,1,0,1,2,3,0.042813,1.844022,0.523031,2.409866
19,43,1,1,512,1,1,1,0,1,2,4,0.034571,2.370328,0.437286,2.842185
19,43,1,1,512,1,1,1,0,1,2,5,0.042603,2.238433,0.6376459999999999,2.918682
19,43,1,1,512,1,1,1,0,1,2,6,0.037135,2.134671,0.334003,2.5058089999999997
19,43,1,1,512,1,1,1,0,1,2,7,0.033359,1.9221970000000002,0.43246799999999996,2.3880239999999997
19,43,1,1,512,1,1,1,0,1,2,8,0.046909,1.779386,0.509081,2.335376
19,43,1,1,512,1,1,1,0,1,2,9,0.03393,2.150574,0.81301,2.9975140000000002
20,44,1,1,512,1,1,5,0,1,2,0,0.053358,3.546274,0.5548989999999999,4.154531
20,44,1,1,512,1,1,5,0,1,2,1,0.035883000000000005,3.4696000000000002,0.560247,4.06573
20,44,1,1,512,1,1,5,0,1,2,2,0.050605000000000004,3.480827,0.50144,4.032872
20,44,1,1,512,1,1,5,0,1,2,3,0.030535,3.363594,0.418518,3.812647
20,44,1,1,512,1,1,5,0,1,2,4,0.031637000000000005,3.052595,0.382575,3.466807
20,44,1,1,512,1,1,5,0,1,2,5,0.038587,2.928231,0.41302,3.379838
20,44,1,1,512,1,1,5,0,1,2,6,0.090293,2.971886,0.369105,3.4312840000000002
20,44,1,1,512,1,1,5,0,1,2,7,0.036254,2.8747019999999996,0.368194,3.27915
20,44,1,1,512,1,1,5,0,1,2,8,0.033519999999999994,3.093365,0.420441,3.547326
20,44,1,1,512,1,1,5,0,1,2,9,0.048181,3.202417,0.426209,3.6768069999999997
21,45,1,1,512,1,1,3,0,0,2,0,0.02691,0.896754,0.505626,1.42929
21,45,1,1,512,1,1,3,0,0,2,1,0.02732,1.1003239999999999,0.395474,1.523118
21,45,1,1,512,1,1,3,0,0,2,2,0.028371999999999998,0.896594,0.40403599999999995,1.329002
21,45,1,1,512,1,1,3,0,0,2,3,0.024637000000000003,0.932536,0.407561,1.3647340000000001
21,45,1,1,512,1,1,3,0,0,2,4,0.028282,1.060725,0.38035199999999997,1.4693589999999999
21,45,1,1,512,1,1,3,0,0,2,5,0.025568,1.272167,0.571704,1.869439
21,45,1,1,512,1,1,3,0,0,2,6,0.027881,1.248983,0.754744,2.031608
21,45,1,1,512,1,1,3,0,0,2,7,0.029583,1.183798,0.442573,1.6559540000000001
21,45,1,1,512,1,1,3,0,0,2,8,0.026860000000000002,2.31736,0.412459,2.756679
21,45,1,1,512,1,1,3,0,0,2,9,0.052638,1.2159849999999999,0.473368,1.741991
22,46,1,1,512,1,1,3,1,1,2,0,0.038948,2.094791,0.459769,2.593508
22,46,1,1,512,1,1,3,1,1,2,1,0.032749,1.980963,0.670329,2.6840409999999997
22,46,1,1,512,1,1,3,1,1,2,2,0.035543000000000005,2.081912,0.483003,2.6004579999999997
22,46,1,1,512,1,1,3,1,1,2,3,0.032187999999999994,1.929367,0.470495,2.43205
22,46,1,1,512,1,1,3,1,1,2,4,0.031557,1.93811,0.49220700000000006,2.4618740000000003
22,46,1,1,512,1,1,3,1,1,2,5,0.033219,1.9808540000000001,0.423485,2.4375579999999997
22,46,1,1,512,1,1,3,1,1,2,6,0.03379,1.973623,0.48034899999999997,2.487762
22,46,1,1,512,1,1,3,1,1,2,7,0.053579,1.966863,0.46236299999999997,2.482805
22,46,1,1,512,1,1,3,1,1,2,8,0.030215000000000002,2.051468,0.49633200000000005,2.5780149999999997
22,46,1,1,512,1,1,3,1,1,2,9,0.030715,1.730314,0.46762000000000004,2.228649
23,47,1,1,512,1,1,3,2,1,2,0,0.050384,2.70961,1.0184630000000001,3.778457
23,47,1,1,512,1,1,3,2,1,2,1,0.038237,2.888583,0.478196,3.405016
23,47,1,1,512,1,1,3,2,1,2,2,0.038657,2.554319,0.422254,3.01523
23,47,1,1,512,1,1,3,2,1,2,3,0.035462,2.394915,0.527423,2.9578
23,47,1,1,512,1,1,3,2,1,2,4,0.030545,2.534911,0.007011,2.572467
23,47,1,1,512,1,1,3,2,1,2,5,0.026089,2.1532679999999997,0.397797,2.5771539999999997
23,47,1,1,512,1,1,3,2,1,2,6,0.037345,3.9464900000000003,0.42612900000000004,4.4099639999999996
23,47,1,1,512,1,1,3,2,1,2,7,0.05447,2.2687589999999997,0.455512,2.778741
23,47,1,1,512,1,1,3,2,1,2,8,0.040049,2.591154,0.27015900000000004,2.901362
23,47,1,1,512,1,1,3,2,1,2,9,0.039748,3.579974,1.009846,4.629568
24,0,0,0,512,1,1,3,0,1,2,0,0.048952999999999997,2.1472890000000002,0.421201,2.617443
24,0,0,0,512,1,1,3,0,1,2,1,0.039268,1.965471,0.40799199999999997,2.412731
24,0,0,0,512,1,1,3,0,1,2,2,0.060369,2.4176279999999997,0.9878580000000001,3.465855
24,0,0,0,512,1,1,3,0,1,2,3,0.031557,3.085774,0.001583,3.118914
24,0,0,0,512,1,1,3,0,1,2,4,0.030755,2.1435939999999998,0.400922,2.575271
24,0,0,0,512,1,1,3,0,1,2,5,0.034972,1.828138,0.430776,2.293886
24,0,0,0,512,1,1,3,0,1,2,6,0.024315999999999997,2.7222370000000002,0.07353900000000001,2.8200920000000003
24,0,0,0,512,1,1,3,0,1,2,7,0.02711,1.926263,0.41311000000000003,2.366483
24,0,0,0,512,1,1,3,0,1,2,8,0.02697,1.87652,0.425658,2.329148
24,0,0,0,512,1,1,3,0,1,2,9,0.026879,2.020222,0.445628,2.4927289999999998
25,1,0,0,256,1,1,3,0,1,2,0,0.043024,2.063025,0.490153,2.5962020000000003
25,1,0,0,256,1,1,3,0,1,2,1,0.034020999999999996,2.103033,0.424607,2.561661
25,1,0,0,256,1,1,3,0,1,2,2,0.032638,2.243411,0.424066,2.700115
25,1,0,0,256,1,1,3,0,1,2,3,0.031287,2.194428,0.470184,2.695899
25,1,0,0,256,1,1,3,0,1,2,4,0.031877,5.0153419999999995,0.486438,5.533657
25,1,0,0,256,1,1,3,0,1,2,5,0.054049,2.484007,0.373971,2.912027
25,1,0,0,256,1,1,3,0,1,2,6,0.035032,1.8451629999999999,0.398428,2.278623
25,1,0,0,256,1,1,3,0,1,2,7,0.034781,2.038569,0.418127,2.491477
25,1,0,0,256,1,1,3,0,1,2,8,0.04689,2.002074,0.445849,2.4948129999999997
25,1,0,0,256,1,1,3,0,1,2,9,0.044596,2.467542,0.428262,2.9404000000000003
26,2,0,0,1024,1,1,3,0,1,2,0,0.052438,2.467361,0.394092,2.913891
26,2,0,0,1024,1,1,3,0,1,2,1,0.035032,2.560049,0.45439999999999997,3.049481
26,2,0,0,1024,1,1,3,0,1,2,2,0.038637000000000005,2.499088,0.38132299999999997,2.919048
26,2,0,0,1024,1,1,3,0,1,2,3,0.03364,2.772392,0.446759,3.252791
26,2,0,0,1024,1,1,3,0,1,2,4,0.032688,4.799163,0.749687,5.581537999999999
26,2,0,0,1024,1,1,3,0,1,2,5,0.064385,5.907068,0.722487,6.69394
26,2,0,0,1024,1,1,3,0,1,2,6,0.063995,4.176594,0.057945,4.298534
26,2,0,0,1024,1,1,3,0,1,2,7,0.059657999999999996,2.7297290000000003,0.533197,3.322584
26,2,0,0,1024,1,1,3,0,1,2,8,0.071466,2.6334370000000002,0.522401,3.2273039999999997
26,2,0,0,1024,1,1,3,0,1,2,9,0.041069999999999995,2.389297,0.43073500000000003,2.861102
27,3,0,0,512,0,1,3,0,1,2,0,0.03409,2.087311,0.49776400000000004,2.619165
27,3,0,0,512,0,1,3,0,1,2,1,0.038257000000000006,1.9353459999999998,0.36490900000000004,2.338512
27,3,0,0,512,0,1,3,0,1,2,2,0.031306,2.173428,0.529972,2.734706
27,3,0,0,512,0,1,3,0,1,2,3,0.036124,2.207498,0.439799,2.683421
27,3,0,0,512,0,1,3,0,1,2,4,0.027981,2.660116,0.52816,3.216257
27,3,0,0,512,0,1,3,0,1,2,5,0.034990999999999994,2.313525,0.468992,2.8175079999999997
27,3,0,0,512,0,1,3,0,1,2,6,0.050575,2.4494249999999997,0.561228,3.061228
27,3,0,0,512,0,1,3,0,1,2,7,0.043655,2.649891,0.49734400000000006,3.19089
27,3,0,0,512,0,1,3,0,1,2,8,0.049042,2.766723,0.516423,3.332188
27,3,0,0,512,0,1,3,0,1,2,9,0.039448,2.458409,0.42265400000000003,2.9205110000000003
28,4,0,0,512,2,1,3,0,1,2,0,0.036514000000000005,2.406086,0.456334,2.898934
28,4,0,0,512,2,1,3,0,1,2,1,0.031856999999999996,2.151025,0.44754,2.630422
28,4,0,0,512,2,1,3,0,1,2,2,0.037996,2.0784879999999997,0.385969,2.502453
28,4,0,0,512,2,1,3,0,1,2,3,0.032899,2.5684810000000002,0.073498,2.674878
28,4,0,0,512,2,1,3,0,1,2,4,0.035202,1.8827990000000001,0.406981,2.3249820000000003
28,4,0,0,512,2,1,3,0,1,2,5,0.023004,2.210082,0.377257,2.6103430000000003
28,4,0,0,512,2,1,3,0,1,2,6,0.028221,2.0797,0.837626,2.9455470000000004
28,4,0,0,512,2,1,3,0,1,2,7,0.028201,2.124716,0.42040099999999997,2.573318
28,4,0,0,512,2,1,3,0,1,2,8,0.041621,2.299163,0.3993,2.740084
28,4,0,0,512,2,1,3,0,1,2,9,0.02736,2.064737,0.38353600000000004,2.475633
29,5,0,0,512,1,0,3,0,1,2,0,0.038908,2.1832119999999997,0.475522,2.697642
29,5,0,0,512,1,0,3,0,1,2,1,0.035121,2.6500220000000003,0.883929,3.569072
29,5,0,0,512,1,0,3,0,1,2,2,0.031585999999999996,3.501789,0.364458,3.897833
29,5,0,0,512,1,0,3,0,1,2,3,0.044606,2.133068,0.407431,2.585105
29,5,0,0,512,1,0,3,0,1,2,4,0.035944,2.252314,0.370166,2.658424
29,5,0,0,512,1,0,3,0,1,2,5,0.035241999999999996,2.3389819999999997,0.39021599999999995,2.76444
29,5,0,0,512,1,0,3,0,1,2,6,0.031155999999999996,2.195926,0.41206800000000005,2.63915
29,5,0,0,512,1,0,3,0,1,2,7,0.030755,2.2456,0.352219,2.628574
29,5,0,0,512,1,0,3,0,1,2,8,0.035933,2.354114,0.479738,2.8697850000000003
29,5,0,0,512,1,0,3,0,1,2,9,0.036915,2.247607,0.417186,2.701708
30,6,0,0,512,1,2,3,0,1,2,0,0.103122,4.646608,0.451256,5.200986
30,6,0,0,512,1,2,3,0,1,2,1,0.034751,2.155752,0.499276,2.689779
30,6,0,0,512,1,2,3,0,1,2,2,0.027201,2.345521,0.50106,2.8737820000000003
30,6,0,0,512,1,2,3,0,1,2,3,0.027299999999999998,2.215239,0.509012,2.751551
30,6,0,0,512,1,2,3,0,1,2,4,0.02715,2.2087790000000003,0.496062,2.731991
30,6,0,0,512,1,2,3,0,1,2,5,0.027059999999999997,2.53431,0.49806500000000004,3.059435
30,6,0,0,512,1,2,3,0,1,2,6,0.029183,2.5429530000000002,0.47520199999999996,3.0473380000000003
30,6,0,0,512,1,2,3,0,1,2,7,0.043284,2.230282,0.422523,2.696089
30,6,0,0,512,1,2,3,0,1,2,8,0.027379999999999998,4.309806,0.504104,4.84129
30,6,0,0,512,1,2,3,0,1,2,9,0.046168,2.048063,0.744498,2.838729
31,7,0,0,512,1,1,1,0,1,2,0,0.034520999999999996,2.205145,0.589259,2.828925
31,7,0,0,512,1,1,1,0,1,2,1,0.036905,2.6457640000000002,1.186131,3.8688
31,7,0,0,512,1,1,1,0,1,2,2,0.031888,2.388144,0.7149749999999999,3.135007
31,7,0,0,512,1,1,1,0,1,2,3,0.031396,2.177934,0.5110950000000001,2.7204249999999996
31,7,0,0,512,1,1,1,0,1,2,4,0.028973,2.577454,0.43396,3.040387
31,7,0,0,512,1,1,1,0,1,2,5,0.029422999999999998,1.9984,0.5906509999999999,2.618474
31,7,0,0,512,1,1,1,0,1,2,6,0.033249,1.870636,0.812329,2.7162140000000004
31,7,0,0,512,1,1,1,0,1,2,7,0.038086,2.4554139999999998,0.574077,3.067577
31,7,0,0,512,1,1,1,0,1,2,8,0.048501999999999997,1.9977279999999997,0.46640800000000004,2.5126380000000004
31,7,0,0,512,1,1,1,0,1,2,9,0.034069999999999996,2.001855,0.44420499999999996,2.48013
32,8,0,0,512,1,1,5,0,1,2,0,0.036114,3.064673,0.6851010000000001,3.785888
32,8,0,0,512,1,1,5,0,1,2,1,0.031867,3.128597,0.494901,3.6553649999999998
32,8,0,0,512,1,1,5,0,1,2,2,0.047981,3.14401,0.527599,3.71959
32,8,0,0,512,1,1,5,0,1,2,3,0.035292,2.9593979999999998,0.463163,3.457853
32,8,0,0,512,1,1,5,0,1,2,4,0.042973,3.759449,0.43897800000000003,4.2414000000000005
32,8,0,0,512,1,1,5,0,1,2,5,0.049182,3.237288,0.042212,3.3286819999999997
32,8,0,0,512,1,1,5,0,1,2,6,0.04774,2.544801,0.417676,3.010217
32,8,0,0,512,1,1,5,0,1,2,7,0.045176999999999995,2.908112,0.361343,3.314632
32,8,0,0,512,1,1,5,0,1,2,8,0.038797,2.815335,0.44201199999999996,3.296144
32,8,0,0,512,1,1,5,0,1,2,9,0.030985999999999996,2.736579,0.453249,3.220814
33,9,0,0,512,1,1,3,0,0,2,0,0.084855,1.4083080000000001,0.48876200000000003,1.981925
33,9,0,0,512,1,1,3,0,0,2,1,0.040720000000000006,1.873435,1.430151,3.344306
33,9,0,0,512,1,1,3,0,0,2,2,0.056253,3.369923,0.653124,4.0793
33,9,0,0,512,1,1,3,0,0,2,3,0.029924,1.102357,0.5349499999999999,1.667231
33,9,0,0,512,1,1,3,0,0,2,4,0.030244999999999998,1.0314219999999998,0.512767,1.574434
33,9,0,0,512,1,1,3,0,0,2,5,0.019429,0.8866580000000001,0.5606479999999999,1.4667350000000001
33,9,0,0,512,1,1,3,0,0,2,6,0.019138,0.957032,0.563111,1.539281
33,9,0,0,512,1,1,3,0,0,2,7,0.018748,0.897875,0.517544,1.434167
33,9,0,0,512,1,1,3,0,0,2,8,0.028642,0.977092,0.512907,1.5186410000000001
33,9,0,0,512,1,1,3,0,0,2,9,0.043564,1.032214,0.505736,1.581514
34,10,0,0,512,1,1,3,1,1,2,0,0.037706,1.8040319999999999,0.478557,2.3202949999999998
34,10,0,0,512,1,1,3,1,1,2,1,0.038226,1.814708,0.46295400000000003,2.3158879999999997
34,10,0,0,512,1,1,3,1,1,2,2,0.031287,1.9775779999999998,0.416856,2.4257210000000002
34,10,0,0,512,1,1,3,1,1,2,3,0.024506,1.942036,0.526667,2.4932090000000002
34,10,0,0,512,1,1,3,1,1,2,4,0.038297000000000005,1.672799,0.47717400000000004,2.18827
34,10,0,0,512,1,1,3,1,1,2,5,0.029323000000000002,1.690645,0.452839,2.172807
34,10,0,0,512,1,1,3,1,1,2,6,0.025217,1.63284,0.429353,2.08741
34,10,0,0,512,1,1,3,1,1,2,7,0.023835000000000002,1.835379,0.402103,2.261317
34,10,0,0,512,1,1,3,1,1,2,8,0.03401,1.746879,0.451636,2.232525
34,10,0,0,512,1,1,3,1,1,2,9,0.025367999999999998,1.7752899999999998,0.418798,2.2194559999999997
35,11,0,0,512,1,1,3,2,1,2,0,0.028011,1.9085269999999999,0.367112,2.3036499999999998
35,11,0,0,512,1,1,3,2,1,2,1,0.032608,1.779026,0.370286,2.18192
35,11,0,0,512,1,1,3,2,1,2,2,0.024666999999999998,1.8698899999999998,0.429594,2.324151
35,11,0,0,512,1,1,3,2,1,2,3,0.02717,1.8760890000000001,0.416464,2.319723
35,11,0,0,512,1,1,3,2,1,2,4,0.03421,1.984319,0.648537,2.667066
35,11,0,0,512,1,1,3,2,1,2,5,0.028041,1.970168,0.358319,2.356528
35,11,0,0,512,1,1,3,2,1,2,6,0.036032999999999996,1.719859,0.38363600000000003,2.139528
35,11,0,0,512,1,1,3,2,1,2,7,0.035071,1.7659259999999999,0.356697,2.157694
35,11,0,0,512,1,1,3,2,1,2,8,0.034842000000000005,1.7956999999999999,0.36235500000000004,2.192897
35,11,0,0,512,1,1,3,2,1,2,9,0.026429,1.6440160000000001,0.407962,2.078407
36,12,0,1,512,1,1,3,0,1,2,0,0.032258,2.12064,0.42890300000000003,2.581801
36,12,0,1,512,1,1,3,0,1,2,1,0.043374,2.022575,0.418447,2.484396
36,12,0,1,512,1,1,3,0,1,2,2,0.044565,2.657062,1.097104,3.798731
36,12,0,1,512,1,1,3,0,1,2,3,0.037676,3.1527529999999997,0.54875,3.739179
36,12,0,1,512,1,1,3,0,1,2,4,0.038026,2.169833,0.365639,2.573498
36,12,0,1,512,1,1,3,0,1,2,5,0.034069999999999996,1.9865019999999998,0.395323,2.415895
36,12,0,1,512,1,1,3,0,1,2,6,0.033069,2.01869,0.362745,2.414504
36,12,0,1,512,1,1,3,0,1,2,7,0.032989,2.414874,0.431587,2.87945
36,12,0,1,512,1,1,3,0,1,2,8,0.033389999999999996,2.051688,0.397026,2.482104
36,12,0,1,512,1,1,3,0,1,2,9,0.034431,2.200708,0.401202,2.636341
37,13,0,1,256,1,1,3,0,1,2,0,0.03388,2.049234,0.40309500000000004,2.486209
37,13,0,1,256,1,1,3,0,1,2,1,0.035783,2.050977,0.42229300000000003,2.5090529999999998
37,13,0,1,256,1,1,3,0,1,2,2,0.037736,2.018449,0.408733,2.464918
37,13,0,1,256,1,1,3,0,1,2,3,0.0339,2.054913,0.424236,2.5130489999999996
37,13,0,1,256,1,1,3,0,1,2,4,0.032638,1.997959,0.408433,2.43903
37,13,0,1,256,1,1,3,0,1,2,5,0.034631,2.130504,0.445067,2.6102019999999997
37,13,0,1,256,1,1,3,0,1,2,6,0.033199,2.067331,0.572465,2.6729950000000002
37,13,0,1,256,1,1,3,0,1,2,7,0.045908000000000004,2.0926780000000003,0.356236,2.4948219999999997
37,13,0,1,256,1,1,3,0,1,2,8,0.045166,2.056145,0.363737,2.465048
37,13,0,1,256,1,1,3,0,1,2,9,0.043994,2.134671,0.390657,2.569322
38,14,0,1,1024,1,1,3,0,1,2,0,0.041442,2.295788,0.435352,2.772582
38,14,0,1,1024,1,1,3,0,1,2,1,0.035212,2.334666,0.411477,2.781355
38,14,0,1,1024,1,1,3,0,1,2,2,0.042593,2.2862139999999997,0.400671,2.729478
38,14,0,1,1024,1,1,3,0,1,2,3,0.044786,2.29641,0.33919,2.680386
38,14,0,1,1024,1,1,3,0,1,2,4,0.038016,1.895337,0.36494899999999997,2.298302
38,14,0,1,1024,1,1,3,0,1,2,5,0.03358,1.858743,0.375024,2.267347
38,14,0,1,1024,1,1,3,0,1,2,6,0.03383,1.9537840000000002,0.58279,2.570404
38,14,0,1,1024,1,1,3,0,1,2,7,0.036854000000000005,4.188692,0.414772,4.640318
38,14,0,1,1024,1,1,3,0,1,2,8,0.040589,2.2295510000000003,0.427811,2.697951
38,14,0,1,1024,1,1,3,0,1,2,9,0.046228,2.2247339999999998,0.387282,2.6582440000000003
39,15,0,1,512,0,1,3,0,1,2,0,0.032017000000000004,2.109984,1.046134,3.188135
39,15,0,1,512,0,1,3,0,1,2,1,0.035292,4.3689979999999995,0.646224,5.050514
39,15,0,1,512,0,1,3,0,1,2,2,0.047689999999999996,4.277694,0.5206679999999999,4.846052
39,15,0,1,512,0,1,3,0,1,2,3,0.074119,2.2267770000000002,0.44015,2.741046
39,15,0,1,512,0,1,3,0,1,2,4,0.059708,2.093229,0.505897,2.658834
39,15,0,1,512,0,1,3,0,1,2,5,0.033269,2.192656,0.544413,2.7703379999999997
39,15,0,1,512,0,1,3,0,1,2,6,0.044786,2.34429,0.549922,2.9389979999999998
39,15,0,1,512,0,1,3,0,1,2,7,0.03389,2.684292,0.475933,3.194115
39,15,0,1,512,0,1,3,0,1,2,8,0.035162,2.1449260000000003,0.36597,2.546058
39,15,0,1,512,0,1,3,0,1,2,9,0.043514,2.013562,0.350176,2.4072519999999997
40,16,0,1,512,2,1,3,0,1,2,0,0.062211,2.128021,0.464416,2.654648
40,16,0,1,512,2,1,3,0,1,2,1,0.034681000000000003,2.1241250000000003,0.461651,2.620457
40,16,0,1,512,2,1,3,0,1,2,2,0.033058000000000004,2.365341,0.473159,2.8715580000000003
40,16,0,1,512,2,1,3,0,1,2,3,0.032208,2.417929,0.480699,2.930836
40,16,0,1,512,2,1,3,0,1,2,4,0.033479999999999996,2.2622079999999998,0.456544,2.752232
40,16,0,1,512,2,1,3,0,1,2,5,0.041491,2.5438650000000003,1.166261,3.751617
40,16,0,1,512,2,1,3,0,1,2,6,0.034771,2.464207,0.375044,2.874022
40,16,0,1,512,2,1,3,0,1,2,7,0.042992999999999996,2.147189,0.468802,2.6589840000000002
40,16,0,1,512,2,1,3,0,1,2,8,0.03384,2.041783,0.394422,2.4700450000000003
40,16,0,1,512,2,1,3,0,1,2,9,0.045548,2.261617,0.42143200000000003,2.728597
41,17,0,1,512,1,0,3,0,1,2,0,0.032418,2.2943059999999997,0.46040000000000003,2.7871240000000004
41,17,0,1,512,1,0,3,0,1,2,1,0.033028999999999996,2.6143479999999997,0.446489,3.093866
41,17,0,1,512,1,0,3,0,1,2,2,0.0339,3.174685,0.450465,3.65905
41,17,0,1,512,1,0,3,0,1,2,3,0.034771,2.193067,0.474721,2.7025590000000004
41,17,0,1,512,1,0,3,0,1,2,4,0.035502,2.291352,0.444416,2.7712700000000003
41,17,0,1,512,1,0,3,0,1,2,5,0.033179,2.365901,0.43345,2.83253
41,17,0,1,512,1,0,3,0,1,2,6,0.035533,2.162571,0.451847,2.649951
41,17,0,1,512,1,0,3,0,1,2,7,0.042933,2.332793,0.470855,2.846581
41,17,0,1,512,1,0,3,0,1,2,8,0.032748,2.249801,0.556842,2.839391
41,17,0,1,512,1,0,3,0,1,2,9,0.028593,7.440651000000001,0.600216,8.069460000000001
42,18,0,1,512,1,2,3,0,1,2,0,0.045427999999999996,2.24991,0.422824,2.718162
42,18,0,1,512,1,2,3,0,1,2,1,0.035642999999999994,2.212916,0.445077,2.693636
42,18,0,1,512,1,2,3,0,1,2,2,0.036684,3.541507,0.493809,4.072
42,18,0,1,512,1,2,3,0,1,2,3,0.031306,2.665063,0.477555,3.173924
42,18,0,1,512,1,2,3,0,1,2,4,0.031016000000000002,4.778931999999999,0.46059,5.270538
42,18,0,1,512,1,2,3,0,1,2,5,0.054701,2.397949,0.43433099999999997,2.886981
42,18,0,1,512,1,2,3,0,1,2,6,0.036733999999999996,2.264723,0.449022,2.7504790000000003
42,18,0,1,512,1,2,3,0,1,2,7,0.035803,3.189547,0.597292,3.8226419999999997
42,18,0,1,512,1,2,3,0,1,2,8,0.047049,2.445359,0.510634,3.003042
42,18,0,1,512,1,2,3,0,1,2,9,0.034772,2.5693819999999996,0.504404,3.108558
43,19,0,1,512,1,1,1,0,1,2,0,0.031967,1.834117,0.494029,2.360113
43,19,0,1,512,1,1,1,0,1,2,1,0.049783,1.7856059999999998,0.531965,2.3673539999999997
43,19,0,1,512,1,1,1,0,1,2,2,0.041581,2.006712,0.46004900000000004,2.5083420000000003
43,19,0,1,512,1,1,1,0,1,2,3,0.047911,1.8044529999999999,0.483694,2.336058
43,19,0,1,512,1,1,1,0,1,2,4,0.035362,1.948937,0.422794,2.4070929999999997
43,19,0,1,512,1,1,1,0,1,2,5,0.045106,1.705217,0.470074,2.2203969999999997
43,19,0,1,512,1,1,1,0,1,2,6,0.044335,1.7031640000000001,0.5729150000000001,2.320414
43,19,0,1,512,1,1,1,0,1,2,7,0.045537,1.864502,0.427761,2.3378
43,19,0,1,512,1,1,1,0,1,2,8,0.036744,1.8078580000000002,0.435913,2.280515
43,19,0,1,512,1,1,1,0,1,2,9,0.033609,1.722512,0.44584799999999997,2.2019689999999996
44,20,0,1,512,1,1,5,0,1,2,0,0.049132,3.176098,0.52193,3.7471599999999996
44,20,0,1,512,1,1,5,0,1,2,1,0.034581,3.1994520000000004,0.9470280000000001,4.181061
44,20,0,1,512,1,1,5,0,1,2,2,0.036534,3.65895,0.504104,4.199587999999999
44,20,0,1,512,1,1,5,0,1,2,3,0.037235,3.1627780000000003,0.498746,3.698759
44,20,0,1,512,1,1,5,0,1,2,4,0.0337,3.119634,0.835573,3.9889069999999998
44,20,0,1,512,1,1,5,0,1,2,5,0.030916,4.795207,0.458006,5.284129
44,20,0,1,512,1,1,5,0,1,2,6,0.043695,2.898528,0.466048,3.408271
44,20,0,1,512,1,1,5,0,1,2,7,0.034721,3.1844400000000004,0.442813,3.6619740000000003
44,20,0,1,512,1,1,5,0,1,2,8,0.066568,2.878739,0.437155,3.3824620000000003
44,20,0,1,512,1,1,5,0,1,2,9,0.046628,2.8325910000000003,0.425949,3.3051679999999997
45,21,0,1,512,1,1,3,0,0,2,0,0.037736,1.0067959999999998,0.469583,1.5141149999999999
45,21,0,1,512,1,1,3,0,0,2,1,0.025547,0.905827,0.494911,1.426285
45,21,0,1,512,1,1,3,0,0,2,2,0.026778999999999997,1.0224190000000002,0.438137,1.487335
45,21,0,1,512,1,1,3,0,0,2,3,0.022272,1.1956250000000002,0.492707,1.7106039999999998
45,21,0,1,512,1,1,3,0,0,2,4,0.026067999999999997,0.904806,0.482141,1.4130150000000001
45,21,0,1,512,1,1,3,0,0,2,5,0.025077000000000002,1.622485,0.49635300000000004,2.1439150000000002
45,21,0,1,512,1,1,3,0,0,2,6,0.029714,1.4909999999999999,0.475242,1.995956
45,21,0,1,512,1,1,3,0,0,2,7,0.026519,1.3187360000000001,0.57587,1.9211250000000002
45,21,0,1,512,1,1,3,0,0,2,8,0.028792,1.265518,0.7911170000000001,2.085427
45,21,0,1,512,1,1,3,0,0,2,9,0.037024999999999995,1.65332,0.001883,1.692228
46,22,0,1,512,1,1,3,1,1,2,0,0.023794999999999997,1.743093,0.411447,2.178335
46,22,0,1,512,1,1,3,1,1,2,1,0.035903,1.693089,0.44883199999999995,2.177824
46,22,0,1,512,1,1,3,1,1,2,2,0.032938999999999996,1.8136459999999999,0.637401,2.4839860000000002
46,22,0,1,512,1,1,3,1,1,2,3,0.032798,1.868918,0.488742,2.3904579999999997
46,22,0,1,512,1,1,3,1,1,2,4,0.043685,1.8914710000000001,0.477756,2.412912
46,22,0,1,512,1,1,3,1,1,2,5,0.035362,1.790062,0.506077,2.3315010000000003
46,22,0,1,512,1,1,3,1,1,2,6,0.032007,1.849209,0.49619300000000005,2.377409
46,22,0,1,512,1,1,3,1,1,2,7,0.024476,1.852264,0.476233,2.352973
46,22,0,1,512,1,1,3,1,1,2,8,0.024456000000000002,1.7443840000000002,0.516072,2.2849120000000003
46,22,0,1,512,1,1,3,1,1,2,9,0.023264,2.168911,0.47004399999999996,2.662219
47,23,0,1,512,1,1,3,2,1,2,0,0.043154,2.120559,0.434501,2.598214
47,23,0,1,512,1,1,3,2,1,2,1,0.044796,2.305292,0.455553,2.805641
47,23,0,1,512,1,1,3,2,1,2,2,0.03433,2.4409430000000003,0.5271979999999999,3.002471
47,23,0,1,512,1,1,3,2,1,2,3,0.059628,2.541871,0.617792,3.219291
47,23,0,1,512,1,1,3,2,1,2,4,0.034471,2.486139,0.549111,3.069721
47,23,0,1,512,1,1,3,2,1,2,5,0.032168,2.439109,0.538976,3.010253
47,23,0,1,512,1,1,3,2,1,2,6,0.050685,2.23646,0.50783,2.794975
47,23,0,1,512,1,1,3,2,1,2,7,0.043043,2.628079,0.485636,3.156758
47,23,0,1,512,1,1,3,2,1,2,8,0.046848999999999995,2.867181,0.5339579999999999,3.447988
47,23,0,1,512,1,1,3,2,1,2,9,0.04085,2.386833,0.49047299999999994,2.9181559999999998
