view,objects,mode,display_width,display_height,internal_width,internal_height,scene_draws,scene_passes,upsample_draws,upsample_passes,instance_stride_bytes,instance_buffer_bytes,per_frame_instance_upload_bytes,repeat,sample,cpu_encode_ms,cpu_submit_ms,native_queue_wait_ms,native_queue_completion_wall_ms
oblique,1,individual,512,512,512,512,1,1,1,1,48,196608,0,0,0,0.035292,1.007677,0.702267,1.745236
oblique,1,individual,512,512,512,512,1,1,1,1,48,196608,0,0,1,0.029854,0.599655,1.043780,1.673289
oblique,1,individual,512,512,512,512,1,1,1,1,48,196608,0,0,2,0.028823,1.588414,1.217207,2.834444
oblique,1,individual,512,512,512,512,1,1,1,1,48,196608,0,0,3,0.029433,0.972375,2.411340,3.413148
oblique,1,individual,512,512,512,512,1,1,1,1,48,196608,0,0,4,0.027992,3.597965,8.694423,12.320380
oblique,1,individual,512,512,512,512,1,1,1,1,48,196608,0,0,5,0.313102,1.222084,1.242193,2.777379
oblique,1,individual,512,512,512,512,1,1,1,1,48,196608,0,0,6,0.034501,1.458984,1.562876,3.056361
oblique,1,individual,512,512,512,512,1,1,1,1,48,196608,0,0,7,0.027841,1.445864,1.588074,3.061779
oblique,1,individual,512,512,512,512,1,1,1,1,48,196608,0,0,8,0.028623,1.357984,0.737979,2.124586
oblique,1,individual,512,512,512,512,1,1,1,1,48,196608,0,0,9,0.026068,2.912239,0.858518,3.796825
oblique,1,individual,512,512,512,512,1,1,1,1,48,196608,0,0,10,0.041621,1.855108,1.023171,2.919900
oblique,1,individual,512,512,512,512,1,1,1,1,48,196608,0,0,11,0.058016,1.055969,0.935791,2.049776
oblique,1,individual,512,512,512,512,1,1,1,1,48,196608,0,0,12,0.037506,1.390893,2.343789,3.772188
oblique,1,individual,512,512,512,512,1,1,1,1,48,196608,0,0,13,0.047610,1.075467,0.996801,2.119878
oblique,1,individual,512,512,512,512,1,1,1,1,48,196608,0,0,14,0.030805,1.736799,1.033756,2.801360
oblique,1,individual,512,512,512,512,1,1,1,1,48,196608,0,0,15,0.087008,0.762185,0.849434,1.698627
oblique,1,individual,512,512,512,512,1,1,1,1,48,196608,0,0,16,0.030835,0.661687,0.675667,1.368189
oblique,1,individual,512,512,512,512,1,1,1,1,48,196608,0,0,17,0.029513,0.672052,0.738550,1.440115
oblique,1,individual,512,512,512,512,1,1,1,1,48,196608,0,0,18,0.025287,0.599385,0.700755,1.325427
oblique,1,individual,512,512,512,512,1,1,1,1,48,196608,0,0,19,0.024856,0.609099,0.776146,1.410101
oblique,1,individual,512,512,512,512,1,1,1,1,48,196608,0,0,20,0.026779,0.572125,0.744939,1.343843
oblique,1,individual,512,512,512,512,1,1,1,1,48,196608,0,0,21,0.027600,0.671952,0.807532,1.507084
oblique,1,individual,512,512,512,512,1,1,1,1,48,196608,0,0,22,0.026068,1.252479,0.723778,2.002325
oblique,1,individual,512,512,512,512,1,1,1,1,48,196608,0,0,23,0.044105,1.084631,0.698761,1.827497
oblique,1,individual,512,512,512,512,1,1,1,1,48,196608,0,0,24,0.027130,0.733262,0.885717,1.646109
oblique,1,individual,512,512,512,512,1,1,1,1,48,196608,0,0,25,0.030595,0.562430,0.869143,1.462168
oblique,1,individual,512,512,512,512,1,1,1,1,48,196608,0,0,26,0.027871,0.802355,0.927649,1.757875
oblique,1,individual,512,512,512,512,1,1,1,1,48,196608,0,0,27,0.033420,0.853540,0.786080,1.673040
oblique,1,individual,512,512,512,512,1,1,1,1,48,196608,0,0,28,0.027671,0.737489,2.584274,3.349434
oblique,1,individual,512,512,512,512,1,1,1,1,48,196608,0,0,29,0.033249,5.313342,0.757699,6.104290
oblique,1,instanced,512,512,512,512,1,1,1,1,48,196608,0,0,0,0.028202,3.861690,3.733461,7.623353
oblique,1,instanced,512,512,512,512,1,1,1,1,48,196608,0,0,1,0.037305,1.237316,1.629405,2.904026
oblique,1,instanced,512,512,512,512,1,1,1,1,48,196608,0,0,2,0.042052,4.462056,2.407884,6.911992
oblique,1,instanced,512,512,512,512,1,1,1,1,48,196608,0,0,3,0.068702,2.035684,0.838849,2.943235
oblique,1,instanced,512,512,512,512,1,1,1,1,48,196608,0,0,4,0.041030,3.415972,3.135588,6.592590
oblique,1,instanced,512,512,512,512,1,1,1,1,48,196608,0,0,5,0.056303,0.894821,0.650119,1.601243
oblique,1,instanced,512,512,512,512,1,1,1,1,48,196608,0,0,6,0.028883,0.656539,1.284415,1.969837
oblique,1,instanced,512,512,512,512,1,1,1,1,48,196608,0,0,7,0.027330,5.765080,1.663916,7.456326
oblique,1,instanced,512,512,512,512,1,1,1,1,48,196608,0,0,8,0.066778,0.944264,1.108837,2.119879
oblique,1,instanced,512,512,512,512,1,1,1,1,48,196608,0,0,9,0.031056,1.181614,0.847381,2.060051
oblique,1,instanced,512,512,512,512,1,1,1,1,48,196608,0,0,10,0.026819,1.624433,0.771629,2.422881
oblique,1,instanced,512,512,512,512,1,1,1,1,48,196608,0,0,11,0.098545,0.857506,0.778348,1.734399
oblique,1,instanced,512,512,512,512,1,1,1,1,48,196608,0,0,12,0.047951,2.219135,0.630331,2.897417
oblique,1,instanced,512,512,512,512,1,1,1,1,48,196608,0,0,13,0.040009,0.852879,0.554288,1.447176
oblique,1,instanced,512,512,512,512,1,1,1,1,48,196608,0,0,14,0.064856,0.805689,0.588699,1.459244
oblique,1,instanced,512,512,512,512,1,1,1,1,48,196608,0,0,15,0.028703,0.667104,0.522742,1.218549
oblique,1,instanced,512,512,512,512,1,1,1,1,48,196608,0,0,16,0.032979,0.834141,0.560828,1.427948
oblique,1,instanced,512,512,512,512,1,1,1,1,48,196608,0,0,17,0.026910,0.750828,0.546547,1.324285
oblique,1,instanced,512,512,512,512,1,1,1,1,48,196608,0,0,18,0.023856,1.123348,0.460740,1.607944
oblique,1,instanced,512,512,512,512,1,1,1,1,48,196608,0,0,19,0.051155,1.175215,0.695196,1.921566
oblique,1,instanced,512,512,512,512,1,1,1,1,48,196608,0,0,20,0.028311,0.496643,0.546537,1.071491
oblique,1,instanced,512,512,512,512,1,1,1,1,48,196608,0,0,21,0.045367,1.580993,1.673921,3.300281
oblique,1,instanced,512,512,512,512,1,1,1,1,48,196608,0,0,22,0.031957,0.738730,1.410492,2.181179
oblique,1,instanced,512,512,512,512,1,1,1,1,48,196608,0,0,23,0.032909,0.644221,0.606325,1.283455
oblique,1,instanced,512,512,512,512,1,1,1,1,48,196608,0,0,24,0.037045,0.604192,0.545885,1.187122
oblique,1,instanced,512,512,512,512,1,1,1,1,48,196608,0,0,25,0.025808,0.602058,0.539006,1.166872
oblique,1,instanced,512,512,512,512,1,1,1,1,48,196608,0,0,26,0.042242,0.494390,0.517724,1.054356
oblique,1,instanced,512,512,512,512,1,1,1,1,48,196608,0,0,27,0.037876,0.684911,0.845919,1.568706
oblique,1,instanced,512,512,512,512,1,1,1,1,48,196608,0,0,28,0.028662,0.477976,0.551173,1.057811
oblique,1,instanced,512,512,512,512,1,1,1,1,48,196608,0,0,29,0.022894,0.515190,0.666344,1.204428
oblique,1,instanced,512,512,512,512,1,1,1,1,48,196608,0,1,0,0.028001,0.518676,0.562400,1.109077
oblique,1,instanced,512,512,512,512,1,1,1,1,48,196608,0,1,1,0.067770,0.528159,0.507870,1.103799
oblique,1,instanced,512,512,512,512,1,1,1,1,48,196608,0,1,2,0.026469,0.659909,0.540969,1.227347
oblique,1,instanced,512,512,512,512,1,1,1,1,48,196608,0,1,3,0.024597,0.494930,0.786721,1.306248
oblique,1,instanced,512,512,512,512,1,1,1,1,48,196608,0,1,4,0.025397,0.618593,0.539547,1.183537
oblique,1,instanced,512,512,512,512,1,1,1,1,48,196608,0,1,5,0.038777,0.650270,0.670860,1.359907
oblique,1,instanced,512,512,512,512,1,1,1,1,48,196608,0,1,6,0.026349,0.653089,0.605464,1.284902
oblique,1,instanced,512,512,512,512,1,1,1,1,48,196608,0,1,7,0.025869,0.439338,0.558645,1.023852
oblique,1,instanced,512,512,512,512,1,1,1,1,48,196608,0,1,8,0.020981,0.410415,0.618293,1.049689
oblique,1,instanced,512,512,512,512,1,1,1,1,48,196608,0,1,9,0.052367,0.459398,0.547328,1.059093
oblique,1,instanced,512,512,512,512,1,1,1,1,48,196608,0,1,10,0.020571,0.605053,0.528760,1.154384
oblique,1,instanced,512,512,512,512,1,1,1,1,48,196608,0,1,11,0.020280,0.532586,0.506578,1.059444
oblique,1,instanced,512,512,512,512,1,1,1,1,48,196608,0,1,12,0.021773,0.834126,0.976641,1.832540
oblique,1,instanced,512,512,512,512,1,1,1,1,48,196608,0,1,13,0.025137,0.654756,0.649228,1.329121
oblique,1,instanced,512,512,512,512,1,1,1,1,48,196608,0,1,14,0.021161,2.253306,0.774643,3.049110
oblique,1,instanced,512,512,512,512,1,1,1,1,48,196608,0,1,15,0.039399,1.895497,0.562631,2.497527
oblique,1,instanced,512,512,512,512,1,1,1,1,48,196608,0,1,16,0.034441,0.461151,0.566005,1.061597
oblique,1,instanced,512,512,512,512,1,1,1,1,48,196608,0,1,17,0.033329,1.855599,0.523793,2.412721
oblique,1,instanced,512,512,512,512,1,1,1,1,48,196608,0,1,18,0.028732,0.967398,0.550012,1.546142
oblique,1,instanced,512,512,512,512,1,1,1,1,48,196608,0,1,19,0.026850,0.477755,0.613736,1.118341
oblique,1,instanced,512,512,512,512,1,1,1,1,48,196608,0,1,20,0.026969,0.766332,0.489883,1.283184
oblique,1,instanced,512,512,512,512,1,1,1,1,48,196608,0,1,21,0.025768,0.538565,1.129106,1.693439
oblique,1,instanced,512,512,512,512,1,1,1,1,48,196608,0,1,22,0.028431,0.494340,0.463955,0.986726
oblique,1,instanced,512,512,512,512,1,1,1,1,48,196608,0,1,23,0.023034,0.639519,0.456844,1.119397
oblique,1,instanced,512,512,512,512,1,1,1,1,48,196608,0,1,24,0.025267,0.537523,0.521931,1.084721
oblique,1,instanced,512,512,512,512,1,1,1,1,48,196608,0,1,25,0.024636,0.529121,0.476413,1.030170
oblique,1,instanced,512,512,512,512,1,1,1,1,48,196608,0,1,26,0.026268,0.476283,0.473369,0.975920
oblique,1,instanced,512,512,512,512,1,1,1,1,48,196608,0,1,27,0.024606,1.724916,0.534980,2.284502
oblique,1,instanced,512,512,512,512,1,1,1,1,48,196608,0,1,28,0.027981,0.445718,0.435603,0.909302
oblique,1,instanced,512,512,512,512,1,1,1,1,48,196608,0,1,29,0.025558,0.555080,0.522851,1.103489
oblique,1,individual,512,512,512,512,1,1,1,1,48,196608,0,1,0,0.027761,1.244036,0.467440,1.739237
oblique,1,individual,512,512,512,512,1,1,1,1,48,196608,0,1,1,0.047801,0.848993,0.947689,1.844483
oblique,1,individual,512,512,512,512,1,1,1,1,48,196608,0,1,2,0.025458,0.884085,0.614858,1.524401
oblique,1,individual,512,512,512,512,1,1,1,1,48,196608,0,1,3,0.021611,0.453269,0.740674,1.215554
oblique,1,individual,512,512,512,512,1,1,1,1,48,196608,0,1,4,0.020370,0.997673,1.127814,2.145857
oblique,1,individual,512,512,512,512,1,1,1,1,48,196608,0,1,5,0.022954,0.442584,0.508731,0.974269
oblique,1,individual,512,512,512,512,1,1,1,1,48,196608,0,1,6,0.019008,0.523202,0.536622,1.078832
oblique,1,individual,512,512,512,512,1,1,1,1,48,196608,0,1,7,0.021242,0.551784,1.501256,2.074282
oblique,1,individual,512,512,512,512,1,1,1,1,48,196608,0,1,8,0.022082,0.973407,1.148285,2.143774
oblique,1,individual,512,512,512,512,1,1,1,1,48,196608,0,1,9,0.029904,0.563262,0.639083,1.232249
oblique,1,individual,512,512,512,512,1,1,1,1,48,196608,0,1,10,0.019419,0.431447,3.765567,4.216433
oblique,1,individual,512,512,512,512,1,1,1,1,48,196608,0,1,11,0.035723,0.902001,0.467320,1.405044
oblique,1,individual,512,512,512,512,1,1,1,1,48,196608,0,1,12,0.028081,1.074857,0.604963,1.707901
oblique,1,individual,512,512,512,512,1,1,1,1,48,196608,0,1,13,0.027871,0.753322,0.729757,1.510950
oblique,1,individual,512,512,512,512,1,1,1,1,48,196608,0,1,14,0.022413,0.642238,0.609420,1.274071
oblique,1,individual,512,512,512,512,1,1,1,1,48,196608,0,1,15,0.024536,0.978505,1.292337,2.295378
oblique,1,individual,512,512,512,512,1,1,1,1,48,196608,0,1,16,0.035963,1.246740,0.608558,1.891261
oblique,1,individual,512,512,512,512,1,1,1,1,48,196608,0,1,17,0.029133,0.994227,0.639714,1.663074
oblique,1,individual,512,512,512,512,1,1,1,1,48,196608,0,1,18,0.028452,0.506477,0.876664,1.411593
oblique,1,individual,512,512,512,512,1,1,1,1,48,196608,0,1,19,0.083433,0.614377,0.742826,1.440636
oblique,1,individual,512,512,512,512,1,1,1,1,48,196608,0,1,20,0.026990,1.403862,0.622378,2.053230
oblique,1,individual,512,512,512,512,1,1,1,1,48,196608,0,1,21,0.029343,2.481333,3.378056,5.888732
oblique,1,individual,512,512,512,512,1,1,1,1,48,196608,0,1,22,0.047931,0.477855,0.524445,1.050231
oblique,1,individual,512,512,512,512,1,1,1,1,48,196608,0,1,23,0.026790,0.815283,1.303254,2.145327
oblique,1,individual,512,512,512,512,1,1,1,1,48,196608,0,1,24,0.031577,1.038753,0.460229,1.530559
oblique,1,individual,512,512,512,512,1,1,1,1,48,196608,0,1,25,0.030926,0.467400,0.463584,0.961910
oblique,1,individual,512,512,512,512,1,1,1,1,48,196608,0,1,26,0.025438,0.463945,0.454991,0.944374
oblique,1,individual,512,512,512,512,1,1,1,1,48,196608,0,1,27,0.026609,0.472568,0.498325,0.997502
oblique,1,individual,512,512,512,512,1,1,1,1,48,196608,0,1,28,0.024616,0.475202,0.437405,0.937223
oblique,1,individual,512,512,512,512,1,1,1,1,48,196608,0,1,29,0.028012,0.423325,0.452808,0.904145
oblique,1,individual,512,512,512,512,1,1,1,1,48,196608,0,2,0,0.022363,0.438207,0.518164,0.978734
oblique,1,individual,512,512,512,512,1,1,1,1,48,196608,0,2,1,0.023545,1.862339,0.829755,2.715639
oblique,1,individual,512,512,512,512,1,1,1,1,48,196608,0,2,2,0.037075,1.070119,0.712432,1.819626
oblique,1,individual,512,512,512,512,1,1,1,1,48,196608,0,2,3,0.129361,1.153262,1.177528,2.460151
oblique,1,individual,512,512,512,512,1,1,1,1,48,196608,0,2,4,0.031196,1.896659,0.754965,2.682820
oblique,1,individual,512,512,512,512,1,1,1,1,48,196608,0,2,5,0.040950,0.816475,0.713403,1.570828
oblique,1,individual,512,512,512,512,1,1,1,1,48,196608,0,2,6,0.029794,0.520038,0.713883,1.263715
oblique,1,individual,512,512,512,512,1,1,1,1,48,196608,0,2,7,0.026099,1.084551,0.710689,1.821339
oblique,1,individual,512,512,512,512,1,1,1,1,48,196608,0,2,8,0.023145,0.643179,0.614497,1.280821
oblique,1,individual,512,512,512,512,1,1,1,1,48,196608,0,2,9,0.021412,0.536501,0.673475,1.231388
oblique,1,individual,512,512,512,512,1,1,1,1,48,196608,0,2,10,0.021883,0.473539,0.635478,1.130900
oblique,1,individual,512,512,512,512,1,1,1,1,48,196608,0,2,11,0.019799,0.464946,0.656089,1.140834
oblique,1,individual,512,512,512,512,1,1,1,1,48,196608,0,2,12,0.019849,0.456484,0.684390,1.160723
oblique,1,individual,512,512,512,512,1,1,1,1,48,196608,0,2,13,0.019299,0.543241,0.728966,1.291506
oblique,1,individual,512,512,512,512,1,1,1,1,48,196608,0,2,14,0.024927,0.445888,0.708536,1.179351
oblique,1,individual,512,512,512,512,1,1,1,1,48,196608,0,2,15,0.023935,0.503453,0.667646,1.195034
oblique,1,individual,512,512,512,512,1,1,1,1,48,196608,0,2,16,0.022863,0.493168,0.608048,1.124079
oblique,1,individual,512,512,512,512,1,1,1,1,48,196608,0,2,17,0.019940,0.463183,0.616541,1.099664
oblique,1,individual,512,512,512,512,1,1,1,1,48,196608,0,2,18,0.019549,0.478476,0.609790,1.107815
oblique,1,individual,512,512,512,512,1,1,1,1,48,196608,0,2,19,0.019098,0.552315,0.682337,1.253750
oblique,1,individual,512,512,512,512,1,1,1,1,48,196608,0,2,20,0.026309,0.489472,1.032054,1.547835
oblique,1,individual,512,512,512,512,1,1,1,1,48,196608,0,2,21,0.023355,0.518936,0.666964,1.209255
oblique,1,individual,512,512,512,512,1,1,1,1,48,196608,0,2,22,0.025197,0.501961,0.690309,1.217467
oblique,1,individual,512,512,512,512,1,1,1,1,48,196608,0,2,23,0.023575,0.528260,0.606305,1.158140
oblique,1,individual,512,512,512,512,1,1,1,1,48,196608,0,2,24,0.023154,0.483184,0.570261,1.076599
oblique,1,individual,512,512,512,512,1,1,1,1,48,196608,0,2,25,0.023084,0.480269,0.559887,1.063240
oblique,1,individual,512,512,512,512,1,1,1,1,48,196608,0,2,26,0.064986,0.495732,0.611448,1.172166
oblique,1,individual,512,512,512,512,1,1,1,1,48,196608,0,2,27,0.026459,0.514931,0.589460,1.130850
oblique,1,individual,512,512,512,512,1,1,1,1,48,196608,0,2,28,0.037786,0.511695,0.634897,1.184378
oblique,1,individual,512,512,512,512,1,1,1,1,48,196608,0,2,29,0.025448,0.550853,0.601287,1.177588
oblique,1,instanced,512,512,512,512,1,1,1,1,48,196608,0,2,0,0.027591,0.567207,0.546316,1.141114
oblique,1,instanced,512,512,512,512,1,1,1,1,48,196608,0,2,1,0.037305,0.549391,0.534559,1.121255
oblique,1,instanced,512,512,512,512,1,1,1,1,48,196608,0,2,2,0.031136,0.505466,0.577422,1.114024
oblique,1,instanced,512,512,512,512,1,1,1,1,48,196608,0,2,3,0.022383,0.498096,0.535059,1.055538
oblique,1,instanced,512,512,512,512,1,1,1,1,48,196608,0,2,4,0.031827,0.484955,0.852409,1.369191
oblique,1,instanced,512,512,512,512,1,1,1,1,48,196608,0,2,5,0.043615,0.486698,0.498476,1.028789
oblique,1,instanced,512,512,512,512,1,1,1,1,48,196608,0,2,6,0.024276,0.478005,0.429063,0.931344
oblique,1,instanced,512,512,512,512,1,1,1,1,48,196608,0,2,7,0.033940,0.422023,0.481701,0.937664
oblique,1,instanced,512,512,512,512,1,1,1,1,48,196608,0,2,8,0.029724,0.472668,0.509522,1.011914
oblique,1,instanced,512,512,512,512,1,1,1,1,48,196608,0,2,9,0.028422,0.477254,0.428482,0.934158
oblique,1,instanced,512,512,512,512,1,1,1,1,48,196608,0,2,10,0.036113,0.477756,0.445457,0.959326
oblique,1,instanced,512,512,512,512,1,1,1,1,48,196608,0,2,11,0.023224,1.299458,0.915226,2.237908
oblique,1,instanced,512,512,512,512,1,1,1,1,48,196608,0,2,12,0.082742,1.684637,0.703719,2.471098
oblique,1,instanced,512,512,512,512,1,1,1,1,48,196608,0,2,13,0.035312,0.459488,0.444767,0.939567
oblique,1,instanced,512,512,512,512,1,1,1,1,48,196608,0,2,14,0.019950,0.380411,0.500799,0.901160
oblique,1,instanced,512,512,512,512,1,1,1,1,48,196608,0,2,15,0.021322,0.468051,0.443985,0.933358
oblique,1,instanced,512,512,512,512,1,1,1,1,48,196608,0,2,16,0.019879,0.393611,0.428553,0.842043
oblique,1,instanced,512,512,512,512,1,1,1,1,48,196608,0,2,17,0.019349,0.347503,0.408253,0.775105
oblique,1,instanced,512,512,512,512,1,1,1,1,48,196608,0,2,18,0.016565,0.366791,0.487550,0.870906
oblique,1,instanced,512,512,512,512,1,1,1,1,48,196608,0,2,19,0.017756,0.688156,0.424787,1.130699
oblique,1,instanced,512,512,512,512,1,1,1,1,48,196608,0,2,20,0.026479,0.550262,0.533217,1.109958
oblique,1,instanced,512,512,512,512,1,1,1,1,48,196608,0,2,21,0.017235,0.328895,0.465988,0.812118
oblique,1,instanced,512,512,512,512,1,1,1,1,48,196608,0,2,22,0.024086,0.632152,0.541149,1.197387
oblique,1,instanced,512,512,512,512,1,1,1,1,48,196608,0,2,23,0.024547,0.448091,0.459007,0.931645
oblique,1,instanced,512,512,512,512,1,1,1,1,48,196608,0,2,24,0.027821,0.315045,0.437696,0.780562
oblique,1,instanced,512,512,512,512,1,1,1,1,48,196608,0,2,25,0.017216,0.352450,0.455693,0.825359
oblique,1,instanced,512,512,512,512,1,1,1,1,48,196608,0,2,26,0.015482,0.316067,0.416815,0.748364
oblique,1,instanced,512,512,512,512,1,1,1,1,48,196608,0,2,27,0.021442,0.605564,0.440590,1.067596
oblique,1,instanced,512,512,512,512,1,1,1,1,48,196608,0,2,28,0.021172,0.344778,0.400812,0.766762
oblique,1,instanced,512,512,512,512,1,1,1,1,48,196608,0,2,29,0.025248,0.339451,0.496172,0.860871
oblique,64,individual,512,512,512,512,64,1,1,1,48,196608,0,0,0,0.022203,0.463724,0.541900,1.027827
oblique,64,individual,512,512,512,512,64,1,1,1,48,196608,0,0,1,0.022393,0.481570,0.558815,1.062778
oblique,64,individual,512,512,512,512,64,1,1,1,48,196608,0,0,2,0.022713,0.491586,0.517464,1.031763
oblique,64,individual,512,512,512,512,64,1,1,1,48,196608,0,0,3,0.024236,0.553157,0.498205,1.075598
oblique,64,individual,512,512,512,512,64,1,1,1,48,196608,0,0,4,0.024085,0.498516,0.517244,1.039845
oblique,64,individual,512,512,512,512,64,1,1,1,48,196608,0,0,5,0.023244,0.490965,0.545425,1.059634
oblique,64,individual,512,512,512,512,64,1,1,1,48,196608,0,0,6,0.022403,0.627626,0.526878,1.176907
oblique,64,individual,512,512,512,512,64,1,1,1,48,196608,0,0,7,0.022563,0.537473,0.475392,1.035428
oblique,64,individual,512,512,512,512,64,1,1,1,48,196608,0,0,8,0.021932,0.482222,0.472798,0.976952
oblique,64,individual,512,512,512,512,64,1,1,1,48,196608,0,0,9,0.022323,0.478316,0.532151,1.032790
oblique,64,individual,512,512,512,512,64,1,1,1,48,196608,0,0,10,0.030385,0.524484,0.497179,1.052048
oblique,64,individual,512,512,512,512,64,1,1,1,48,196608,0,0,11,0.027541,0.514910,0.624161,1.166612
oblique,64,individual,512,512,512,512,64,1,1,1,48,196608,0,0,12,0.023685,0.595799,0.464275,1.083759
oblique,64,individual,512,512,512,512,64,1,1,1,48,196608,0,0,13,0.023315,0.551659,0.447340,1.022314
oblique,64,individual,512,512,512,512,64,1,1,1,48,196608,0,0,14,0.027180,0.630010,0.459728,1.116918
oblique,64,individual,512,512,512,512,64,1,1,1,48,196608,0,0,15,0.023475,0.547578,0.485687,1.056740
oblique,64,individual,512,512,512,512,64,1,1,1,48,196608,0,0,16,0.023484,0.516262,0.645453,1.185199
oblique,64,individual,512,512,512,512,64,1,1,1,48,196608,0,0,17,0.025708,0.638252,0.418818,1.082778
oblique,64,individual,512,512,512,512,64,1,1,1,48,196608,0,0,18,0.024796,0.673390,0.427641,1.125827
oblique,64,individual,512,512,512,512,64,1,1,1,48,196608,0,0,19,0.036444,0.633094,0.413130,1.082668
oblique,64,individual,512,512,512,512,64,1,1,1,48,196608,0,0,20,0.032007,0.648738,0.459588,1.140333
oblique,64,individual,512,512,512,512,64,1,1,1,48,196608,0,0,21,0.030255,0.628047,0.436745,1.095047
oblique,64,individual,512,512,512,512,64,1,1,1,48,196608,0,0,22,0.027400,0.619495,0.435903,1.082798
oblique,64,individual,512,512,512,512,64,1,1,1,48,196608,0,0,23,0.033239,0.622269,0.421121,1.076629
oblique,64,individual,512,512,512,512,64,1,1,1,48,196608,0,0,24,0.032598,0.703178,0.406810,1.142586
oblique,64,individual,512,512,512,512,64,1,1,1,48,196608,0,0,25,0.032518,0.711731,0.402143,1.146392
oblique,64,individual,512,512,512,512,64,1,1,1,48,196608,0,0,26,0.032588,1.270195,0.478826,1.781609
oblique,64,individual,512,512,512,512,64,1,1,1,48,196608,0,0,27,0.032749,0.647455,0.429624,1.109828
oblique,64,individual,512,512,512,512,64,1,1,1,48,196608,0,0,28,0.035012,0.638832,0.394182,1.068026
oblique,64,individual,512,512,512,512,64,1,1,1,48,196608,0,0,29,0.033420,0.670610,1.948014,2.652044
oblique,64,instanced,512,512,512,512,1,1,1,1,48,196608,0,0,0,0.074329,0.797978,1.420026,2.292333
oblique,64,instanced,512,512,512,512,1,1,1,1,48,196608,0,0,1,0.036635,0.810325,1.119242,1.966202
oblique,64,instanced,512,512,512,512,1,1,1,1,48,196608,0,0,2,0.022433,0.974819,0.913508,1.910760
oblique,64,instanced,512,512,512,512,1,1,1,1,48,196608,0,0,3,0.022664,0.761704,0.579595,1.363963
oblique,64,instanced,512,512,512,512,1,1,1,1,48,196608,0,0,4,0.019549,0.871786,0.617592,1.508927
oblique,64,instanced,512,512,512,512,1,1,1,1,48,196608,0,0,5,0.020390,0.745069,0.651051,1.416510
oblique,64,instanced,512,512,512,512,1,1,1,1,48,196608,0,0,6,0.019208,0.765710,0.806371,1.591289
oblique,64,instanced,512,512,512,512,1,1,1,1,48,196608,0,0,7,0.031416,0.695407,0.616860,1.343683
oblique,64,instanced,512,512,512,512,1,1,1,1,48,196608,0,0,8,0.021952,0.737519,0.762004,1.521475
oblique,64,instanced,512,512,512,512,1,1,1,1,48,196608,0,0,9,0.032447,2.637874,0.658472,3.328793
oblique,64,instanced,512,512,512,512,1,1,1,1,48,196608,0,0,10,0.042533,0.791608,0.582160,1.416301
oblique,64,instanced,512,512,512,512,1,1,1,1,48,196608,0,0,11,0.031507,0.724619,0.570753,1.326879
oblique,64,instanced,512,512,512,512,1,1,1,1,48,196608,0,0,12,0.026539,0.846570,0.595869,1.468978
oblique,64,instanced,512,512,512,512,1,1,1,1,48,196608,0,0,13,0.023114,0.797568,0.608648,1.429330
oblique,64,instanced,512,512,512,512,1,1,1,1,48,196608,0,0,14,0.020120,0.932546,0.534019,1.486685
oblique,64,instanced,512,512,512,512,1,1,1,1,48,196608,0,0,15,0.022754,0.726622,0.519257,1.268633
oblique,64,instanced,512,512,512,512,1,1,1,1,48,196608,0,0,16,0.021261,0.704981,0.598914,1.325156
oblique,64,instanced,512,512,512,512,1,1,1,1,48,196608,0,0,17,0.022574,0.873679,0.559115,1.455368
oblique,64,instanced,512,512,512,512,1,1,1,1,48,196608,0,0,18,0.022803,0.762065,0.577493,1.362361
oblique,64,instanced,512,512,512,512,1,1,1,1,48,196608,0,0,19,0.020791,0.772650,0.621257,1.414698
oblique,64,instanced,512,512,512,512,1,1,1,1,48,196608,0,0,20,0.027651,0.787873,0.529371,1.344895
oblique,64,instanced,512,512,512,512,1,1,1,1,48,196608,0,0,21,0.021562,0.802124,1.228543,2.052229
oblique,64,instanced,512,512,512,512,1,1,1,1,48,196608,0,0,22,0.025708,1.146832,2.996533,4.169073
oblique,64,instanced,512,512,512,512,1,1,1,1,48,196608,0,0,23,0.039569,0.797116,0.622970,1.459655
oblique,64,instanced,512,512,512,512,1,1,1,1,48,196608,0,0,24,0.025087,1.971761,2.331091,4.327939
oblique,64,instanced,512,512,512,512,1,1,1,1,48,196608,0,0,25,0.039358,0.941349,0.543052,1.523759
oblique,64,instanced,512,512,512,512,1,1,1,1,48,196608,0,0,26,0.028633,0.802043,1.785361,2.616037
oblique,64,instanced,512,512,512,512,1,1,1,1,48,196608,0,0,27,0.026959,0.715617,0.777733,1.520309
oblique,64,instanced,512,512,512,512,1,1,1,1,48,196608,0,0,28,0.030205,0.843404,0.539066,1.412675
oblique,64,instanced,512,512,512,512,1,1,1,1,48,196608,0,0,29,0.043864,0.790031,0.618884,1.452779
oblique,64,instanced,512,512,512,512,1,1,1,1,48,196608,0,1,0,0.030655,0.847742,0.586004,1.464401
oblique,64,instanced,512,512,512,512,1,1,1,1,48,196608,0,1,1,0.024937,0.683349,0.510724,1.219010
oblique,64,instanced,512,512,512,512,1,1,1,1,48,196608,0,1,2,0.023104,0.674105,0.446940,1.144149
oblique,64,instanced,512,512,512,512,1,1,1,1,48,196608,0,1,3,0.028202,0.624241,0.417817,1.070260
oblique,64,instanced,512,512,512,512,1,1,1,1,48,196608,0,1,4,0.019609,0.653826,0.446138,1.119573
oblique,64,instanced,512,512,512,512,1,1,1,1,48,196608,0,1,5,0.017606,0.574218,0.405168,0.996992
oblique,64,instanced,512,512,512,512,1,1,1,1,48,196608,0,1,6,0.024456,1.046615,0.488551,1.559622
oblique,64,instanced,512,512,512,512,1,1,1,1,48,196608,0,1,7,0.030055,0.653504,0.447301,1.130860
oblique,64,instanced,512,512,512,512,1,1,1,1,48,196608,0,1,8,0.032658,1.167283,0.608748,1.808689
oblique,64,instanced,512,512,512,512,1,1,1,1,48,196608,0,1,9,0.026940,1.253229,0.482683,1.762852
oblique,64,instanced,512,512,512,512,1,1,1,1,48,196608,0,1,10,0.023545,0.602609,0.411447,1.037601
oblique,64,instanced,512,512,512,512,1,1,1,1,48,196608,0,1,11,0.019318,0.553607,0.484966,1.057891
oblique,64,instanced,512,512,512,512,1,1,1,1,48,196608,0,1,12,0.031156,0.562651,0.453789,1.047596
oblique,64,instanced,512,512,512,512,1,1,1,1,48,196608,0,1,13,0.032308,0.420691,0.441311,0.894310
oblique,64,instanced,512,512,512,512,1,1,1,1,48,196608,0,1,14,0.020430,0.505677,0.451636,0.977743
oblique,64,instanced,512,512,512,512,1,1,1,1,48,196608,0,1,15,0.020651,0.482131,0.483224,0.986006
oblique,64,instanced,512,512,512,512,1,1,1,1,48,196608,0,1,16,0.031095,0.451817,0.437035,0.919947
oblique,64,instanced,512,512,512,512,1,1,1,1,48,196608,0,1,17,0.031086,0.500789,0.847651,1.379526
oblique,64,instanced,512,512,512,512,1,1,1,1,48,196608,0,1,18,0.037175,0.676288,0.476954,1.190417
oblique,64,instanced,512,512,512,512,1,1,1,1,48,196608,0,1,19,0.038597,0.627646,0.488221,1.154464
oblique,64,instanced,512,512,512,512,1,1,1,1,48,196608,0,1,20,0.021472,0.570992,0.567989,1.160453
oblique,64,instanced,512,512,512,512,1,1,1,1,48,196608,0,1,21,0.058626,0.928040,0.480379,1.467045
oblique,64,instanced,512,512,512,512,1,1,1,1,48,196608,0,1,22,0.026709,0.624913,0.491705,1.143327
oblique,64,instanced,512,512,512,512,1,1,1,1,48,196608,0,1,23,0.040911,0.613265,0.502261,1.156437
oblique,64,instanced,512,512,512,512,1,1,1,1,48,196608,0,1,24,0.023294,0.563382,0.448963,1.035639
oblique,64,instanced,512,512,512,512,1,1,1,1,48,196608,0,1,25,0.022203,0.586125,0.485927,1.094255
oblique,64,instanced,512,512,512,512,1,1,1,1,48,196608,0,1,26,0.033670,0.603520,0.521911,1.159101
oblique,64,instanced,512,512,512,512,1,1,1,1,48,196608,0,1,27,0.022824,0.597081,0.462413,1.082318
oblique,64,instanced,512,512,512,512,1,1,1,1,48,196608,0,1,28,0.039118,0.575219,0.461621,1.075958
oblique,64,instanced,512,512,512,512,1,1,1,1,48,196608,0,1,29,0.025397,0.614637,0.474951,1.114985
oblique,64,individual,512,512,512,512,64,1,1,1,48,196608,0,1,0,0.045537,0.578774,0.459529,1.083840
oblique,64,individual,512,512,512,512,64,1,1,1,48,196608,0,1,1,0.033560,0.632133,0.532626,1.198319
oblique,64,individual,512,512,512,512,64,1,1,1,48,196608,0,1,2,0.030565,0.606165,0.480669,1.117399
oblique,64,individual,512,512,512,512,64,1,1,1,48,196608,0,1,3,0.045728,0.606775,0.484625,1.137128
oblique,64,individual,512,512,512,512,64,1,1,1,48,196608,0,1,4,0.030104,0.690109,0.569510,1.289723
oblique,64,individual,512,512,512,512,64,1,1,1,48,196608,0,1,5,0.031066,0.590812,0.562069,1.183947
oblique,64,individual,512,512,512,512,64,1,1,1,48,196608,0,1,6,0.028753,0.632073,0.498295,1.159121
oblique,64,individual,512,512,512,512,64,1,1,1,48,196608,0,1,7,0.043054,0.614447,0.474981,1.132482
oblique,64,individual,512,512,512,512,64,1,1,1,48,196608,0,1,8,0.032407,0.647516,0.498025,1.177948
oblique,64,individual,512,512,512,512,64,1,1,1,48,196608,0,1,9,0.030925,0.619084,0.529942,1.179951
oblique,64,individual,512,512,512,512,64,1,1,1,48,196608,0,1,10,0.031567,0.584102,0.522130,1.137799
oblique,64,individual,512,512,512,512,64,1,1,1,48,196608,0,1,11,0.026859,0.609760,0.547699,1.184318
oblique,64,individual,512,512,512,512,64,1,1,1,48,196608,0,1,12,0.030796,0.620916,0.454050,1.105762
oblique,64,individual,512,512,512,512,64,1,1,1,48,196608,0,1,13,0.030175,0.614396,0.508491,1.153062
oblique,64,individual,512,512,512,512,64,1,1,1,48,196608,0,1,14,0.030485,0.586726,0.456444,1.073655
oblique,64,individual,512,512,512,512,64,1,1,1,48,196608,0,1,15,0.043855,0.645473,0.481050,1.170378
oblique,64,individual,512,512,512,512,64,1,1,1,48,196608,0,1,16,0.042042,0.605975,0.459137,1.107154
oblique,64,individual,512,512,512,512,64,1,1,1,48,196608,0,1,17,0.046299,0.540227,0.483344,1.069870
oblique,64,individual,512,512,512,512,64,1,1,1,48,196608,0,1,18,0.031256,0.617992,0.443144,1.092392
oblique,64,individual,512,512,512,512,64,1,1,1,48,196608,0,1,19,0.029684,0.657260,0.366151,1.053095
oblique,64,individual,512,512,512,512,64,1,1,1,48,196608,0,1,20,0.037926,0.480469,0.532546,1.050941
oblique,64,individual,512,512,512,512,64,1,1,1,48,196608,0,1,21,0.025778,0.594247,0.403305,1.023330
oblique,64,individual,512,512,512,512,64,1,1,1,48,196608,0,1,22,0.032879,0.529582,0.356566,0.919027
oblique,64,individual,512,512,512,512,64,1,1,1,48,196608,0,1,23,0.075071,0.847151,0.395884,1.318106
oblique,64,individual,512,512,512,512,64,1,1,1,48,196608,0,1,24,0.030766,0.618172,0.395604,1.044542
oblique,64,individual,512,512,512,512,64,1,1,1,48,196608,0,1,25,0.031125,0.620827,0.402865,1.054817
oblique,64,individual,512,512,512,512,64,1,1,1,48,196608,0,1,26,0.029534,0.644261,0.414221,1.088016
oblique,64,individual,512,512,512,512,64,1,1,1,48,196608,0,1,27,0.030425,0.573947,0.370858,0.975230
oblique,64,individual,512,512,512,512,64,1,1,1,48,196608,0,1,28,0.029193,0.616690,0.454411,1.100294
oblique,64,individual,512,512,512,512,64,1,1,1,48,196608,0,1,29,0.047980,0.605033,0.437686,1.090699
oblique,64,individual,512,512,512,512,64,1,1,1,48,196608,0,2,0,0.038537,0.563893,0.400581,1.003011
oblique,64,individual,512,512,512,512,64,1,1,1,48,196608,0,2,1,0.040720,0.591022,0.433880,1.065622
oblique,64,individual,512,512,512,512,64,1,1,1,48,196608,0,2,2,0.040069,0.570883,0.418578,1.029530
oblique,64,individual,512,512,512,512,64,1,1,1,48,196608,0,2,3,0.038977,0.544003,0.395204,0.978184
oblique,64,individual,512,512,512,512,64,1,1,1,48,196608,0,2,4,0.041141,0.591893,0.440230,1.073264
oblique,64,individual,512,512,512,512,64,1,1,1,48,196608,0,2,5,0.029984,0.642759,0.385819,1.058562
oblique,64,individual,512,512,512,512,64,1,1,1,48,196608,0,2,6,0.030075,0.583110,0.400241,1.013426
oblique,64,individual,512,512,512,512,64,1,1,1,48,196608,0,2,7,0.040650,1.896750,0.383026,2.320426
oblique,64,individual,512,512,512,512,64,1,1,1,48,196608,0,2,8,0.034070,0.608409,0.340833,0.983312
oblique,64,individual,512,512,512,512,64,1,1,1,48,196608,0,2,9,0.040750,0.613917,0.372189,1.026856
oblique,64,individual,512,512,512,512,64,1,1,1,48,196608,0,2,10,0.054780,0.703008,0.379390,1.137178
oblique,64,individual,512,512,512,512,64,1,1,1,48,196608,0,2,11,0.040150,0.619554,0.391037,1.050741
oblique,64,individual,512,512,512,512,64,1,1,1,48,196608,0,2,12,0.030615,0.675297,0.409995,1.115907
oblique,64,individual,512,512,512,512,64,1,1,1,48,196608,0,2,13,0.077404,0.630831,0.341614,1.049849
oblique,64,individual,512,512,512,512,64,1,1,1,48,196608,0,2,14,0.060589,0.607597,0.384357,1.052543
oblique,64,individual,512,512,512,512,64,1,1,1,48,196608,0,2,15,0.038186,0.600006,0.357567,0.995759
oblique,64,individual,512,512,512,512,64,1,1,1,48,196608,0,2,16,0.038847,0.517644,0.420140,0.976631
oblique,64,individual,512,512,512,512,64,1,1,1,48,196608,0,2,17,0.038266,0.545155,0.405599,0.989020
oblique,64,individual,512,512,512,512,64,1,1,1,48,196608,0,2,18,0.029554,0.620666,0.361533,1.011753
oblique,64,individual,512,512,512,512,64,1,1,1,48,196608,0,2,19,0.041771,0.467791,0.382765,0.892327
oblique,64,individual,512,512,512,512,64,1,1,1,48,196608,0,2,20,0.027781,0.681525,0.384418,1.093724
oblique,64,individual,512,512,512,512,64,1,1,1,48,196608,0,2,21,0.042283,0.612884,0.367303,1.022470
oblique,64,individual,512,512,512,512,64,1,1,1,48,196608,0,2,22,0.039889,0.577031,0.377087,0.994007
oblique,64,individual,512,512,512,512,64,1,1,1,48,196608,0,2,23,0.040109,0.538364,0.425288,1.003761
oblique,64,individual,512,512,512,512,64,1,1,1,48,196608,0,2,24,0.040670,0.549762,0.423675,1.014107
oblique,64,individual,512,512,512,512,64,1,1,1,48,196608,0,2,25,0.028542,0.594498,0.387722,1.010762
oblique,64,individual,512,512,512,512,64,1,1,1,48,196608,0,2,26,0.029163,0.559817,0.396505,0.985485
oblique,64,individual,512,512,512,512,64,1,1,1,48,196608,0,2,27,0.029634,0.541549,0.390377,0.961560
oblique,64,individual,512,512,512,512,64,1,1,1,48,196608,0,2,28,0.043924,0.547278,0.417246,1.008448
oblique,64,individual,512,512,512,512,64,1,1,1,48,196608,0,2,29,0.040370,0.563511,0.378419,0.982300
oblique,64,instanced,512,512,512,512,1,1,1,1,48,196608,0,2,0,0.022153,0.492607,0.397978,0.912738
oblique,64,instanced,512,512,512,512,1,1,1,1,48,196608,0,2,1,0.018257,0.431998,2.753655,3.203910
oblique,64,instanced,512,512,512,512,1,1,1,1,48,196608,0,2,2,0.024156,0.499627,0.435733,0.959516
oblique,64,instanced,512,512,512,512,1,1,1,1,48,196608,0,2,3,0.018527,0.508150,0.458927,0.985604
oblique,64,instanced,512,512,512,512,1,1,1,1,48,196608,0,2,4,0.027731,0.607427,0.440149,1.075307
oblique,64,instanced,512,512,512,512,1,1,1,1,48,196608,0,2,5,0.023435,0.549952,0.457475,1.030862
oblique,64,instanced,512,512,512,512,1,1,1,1,48,196608,0,2,6,0.022143,0.475572,0.467069,0.964784
oblique,64,instanced,512,512,512,512,1,1,1,1,48,196608,0,2,7,0.022363,0.657731,0.420110,1.100204
oblique,64,instanced,512,512,512,512,1,1,1,1,48,196608,0,2,8,0.020090,1.165710,0.495462,1.681262
oblique,64,instanced,512,512,512,512,1,1,1,1,48,196608,0,2,9,0.025057,0.783917,0.459198,1.268172
oblique,64,instanced,512,512,512,512,1,1,1,1,48,196608,0,2,10,0.024005,0.472197,0.456805,0.953007
oblique,64,instanced,512,512,512,512,1,1,1,1,48,196608,0,2,11,0.020400,0.494020,0.415373,0.929793
oblique,64,instanced,512,512,512,512,1,1,1,1,48,196608,0,2,12,0.023225,0.498235,0.412198,0.933658
oblique,64,instanced,512,512,512,512,1,1,1,1,48,196608,0,2,13,0.021922,0.486649,0.390175,0.898746
oblique,64,instanced,512,512,512,512,1,1,1,1,48,196608,0,2,14,0.019909,0.482793,0.458877,0.961579
oblique,64,instanced,512,512,512,512,1,1,1,1,48,196608,0,2,15,0.019960,0.476042,0.412449,0.908451
oblique,64,instanced,512,512,512,512,1,1,1,1,48,196608,0,2,16,0.020570,0.605333,0.401573,1.027476
oblique,64,instanced,512,512,512,512,1,1,1,1,48,196608,0,2,17,0.021122,0.517113,0.404557,0.942792
oblique,64,instanced,512,512,512,512,1,1,1,1,48,196608,0,2,18,0.020660,0.488762,0.374733,0.884155
oblique,64,instanced,512,512,512,512,1,1,1,1,48,196608,0,2,19,0.018247,0.522371,0.389635,0.930253
oblique,64,instanced,512,512,512,512,1,1,1,1,48,196608,0,2,20,0.018698,0.501049,0.383697,0.903444
oblique,64,instanced,512,512,512,512,1,1,1,1,48,196608,0,2,21,0.019499,0.488982,0.412599,0.921080
oblique,64,instanced,512,512,512,512,1,1,1,1,48,196608,0,2,22,0.154268,0.496693,0.449594,1.100555
oblique,64,instanced,512,512,512,512,1,1,1,1,48,196608,0,2,23,0.020190,0.559265,0.392059,0.971514
oblique,64,instanced,512,512,512,512,1,1,1,1,48,196608,0,2,24,0.018827,0.515121,0.571528,1.105476
oblique,64,instanced,512,512,512,512,1,1,1,1,48,196608,0,2,25,0.024866,0.632504,0.429224,1.086594
oblique,64,instanced,512,512,512,512,1,1,1,1,48,196608,0,2,26,0.020681,0.517934,0.456114,0.994729
oblique,64,instanced,512,512,512,512,1,1,1,1,48,196608,0,2,27,0.036514,0.572695,0.366641,0.975850
oblique,64,instanced,512,512,512,512,1,1,1,1,48,196608,0,2,28,0.019829,0.624973,0.403365,1.048167
oblique,64,instanced,512,512,512,512,1,1,1,1,48,196608,0,2,29,0.019559,0.759090,0.421192,1.199841
oblique,256,individual,512,512,512,512,256,1,1,1,48,196608,0,0,0,0.048070,0.961610,0.396120,1.405800
oblique,256,individual,512,512,512,512,256,1,1,1,48,196608,0,0,1,0.039329,0.978975,0.401001,1.419305
oblique,256,individual,512,512,512,512,256,1,1,1,48,196608,0,0,2,0.075471,0.957123,0.435733,1.468327
oblique,256,individual,512,512,512,512,256,1,1,1,48,196608,0,0,3,0.035433,0.896743,0.437726,1.369902
oblique,256,individual,512,512,512,512,256,1,1,1,48,196608,0,0,4,0.032768,0.930033,0.467960,1.430761
oblique,256,individual,512,512,512,512,256,1,1,1,48,196608,0,0,5,0.033670,0.859278,0.410285,1.303233
oblique,256,individual,512,512,512,512,256,1,1,1,48,196608,0,0,6,0.033319,0.930694,0.416474,1.380487
oblique,256,individual,512,512,512,512,256,1,1,1,48,196608,0,0,7,0.033670,0.901150,0.410886,1.345706
oblique,256,individual,512,512,512,512,256,1,1,1,48,196608,0,0,8,0.048051,0.959667,0.423345,1.431063
oblique,256,individual,512,512,512,512,256,1,1,1,48,196608,0,0,9,0.034311,0.907349,0.432569,1.374229
oblique,256,individual,512,512,512,512,256,1,1,1,48,196608,0,0,10,0.045837,1.267972,0.385439,1.699248
oblique,256,individual,512,512,512,512,256,1,1,1,48,196608,0,0,11,0.036754,1.079023,0.422884,1.538661
oblique,256,individual,512,512,512,512,256,1,1,1,48,196608,0,0,12,0.038056,0.943593,0.383035,1.364684
oblique,256,individual,512,512,512,512,256,1,1,1,48,196608,0,0,13,0.035142,0.917084,0.425548,1.377774
oblique,256,individual,512,512,512,512,256,1,1,1,48,196608,0,0,14,0.065707,0.891506,0.418948,1.376161
oblique,256,individual,512,512,512,512,256,1,1,1,48,196608,0,0,15,0.037065,0.944724,0.420371,1.402160
oblique,256,individual,512,512,512,512,256,1,1,1,48,196608,0,0,16,0.035632,0.940278,0.398518,1.374428
oblique,256,individual,512,512,512,512,256,1,1,1,48,196608,0,0,17,0.037215,0.931144,0.396676,1.365035
oblique,256,individual,512,512,512,512,256,1,1,1,48,196608,0,0,18,0.034461,0.919147,0.600606,1.554214
oblique,256,individual,512,512,512,512,256,1,1,1,48,196608,0,0,19,0.034020,0.868572,0.459218,1.361810
oblique,256,individual,512,512,512,512,256,1,1,1,48,196608,0,0,20,0.035793,0.921230,0.383536,1.340559
oblique,256,individual,512,512,512,512,256,1,1,1,48,196608,0,0,21,0.034951,1.169446,0.419249,1.623646
oblique,256,individual,512,512,512,512,256,1,1,1,48,196608,0,0,22,0.036975,0.954389,0.410055,1.401419
oblique,256,individual,512,512,512,512,256,1,1,1,48,196608,0,0,23,0.034811,0.899558,0.448392,1.382761
oblique,256,individual,512,512,512,512,256,1,1,1,48,196608,0,0,24,0.034771,1.153973,0.419499,1.608243
oblique,256,individual,512,512,512,512,256,1,1,1,48,196608,0,0,25,0.035963,1.103104,0.419519,1.558586
oblique,256,individual,512,512,512,512,256,1,1,1,48,196608,0,0,26,0.040230,1.586952,0.287715,1.914897
oblique,256,individual,512,512,512,512,256,1,1,1,48,196608,0,0,27,0.038347,1.092051,0.415143,1.545541
oblique,256,individual,512,512,512,512,256,1,1,1,48,196608,0,0,28,0.035022,0.972575,0.439569,1.447166
oblique,256,individual,512,512,512,512,256,1,1,1,48,196608,0,0,29,0.036514,1.036760,0.413751,1.487025
oblique,256,instanced,512,512,512,512,1,1,1,1,48,196608,0,0,0,0.038336,1.039835,0.360242,1.438413
oblique,256,instanced,512,512,512,512,1,1,1,1,48,196608,0,0,1,0.026208,0.967829,0.353201,1.347238
oblique,256,instanced,512,512,512,512,1,1,1,1,48,196608,0,0,2,0.024406,0.984193,0.377867,1.386466
oblique,256,instanced,512,512,512,512,1,1,1,1,48,196608,0,0,3,0.028863,0.877785,0.331179,1.237827
oblique,256,instanced,512,512,512,512,1,1,1,1,48,196608,0,0,4,0.026059,0.971684,0.332220,1.329963
oblique,256,instanced,512,512,512,512,1,1,1,1,48,196608,0,0,5,0.023675,1.027656,0.341044,1.392375
oblique,256,instanced,512,512,512,512,1,1,1,1,48,196608,0,0,6,0.026208,0.907840,0.351379,1.285427
oblique,256,instanced,512,512,512,512,1,1,1,1,48,196608,0,0,7,0.024686,1.036560,0.456263,1.517509
oblique,256,instanced,512,512,512,512,1,1,1,1,48,196608,0,0,8,0.026198,0.900650,0.378899,1.305747
oblique,256,instanced,512,512,512,512,1,1,1,1,48,196608,0,0,9,0.024236,0.907539,0.485046,1.416821
oblique,256,instanced,512,512,512,512,1,1,1,1,48,196608,0,0,10,0.025748,0.917364,0.423685,1.366797
oblique,256,instanced,512,512,512,512,1,1,1,1,48,196608,0,0,11,0.026709,0.987107,0.380943,1.394759
oblique,256,instanced,512,512,512,512,1,1,1,1,48,196608,0,0,12,0.023605,1.249945,0.372630,1.646180
oblique,256,instanced,512,512,512,512,1,1,1,1,48,196608,0,0,13,0.029163,0.966566,0.361464,1.357193
oblique,256,instanced,512,512,512,512,1,1,1,1,48,196608,0,0,14,0.026038,0.893079,0.361613,1.280730
oblique,256,instanced,512,512,512,512,1,1,1,1,48,196608,0,0,15,0.025367,1.044201,0.382145,1.451713
oblique,256,instanced,512,512,512,512,1,1,1,1,48,196608,0,0,16,0.022073,0.819660,0.366581,1.208314
oblique,256,instanced,512,512,512,512,1,1,1,1,48,196608,0,0,17,0.020731,1.028523,0.358338,1.407592
oblique,256,instanced,512,512,512,512,1,1,1,1,48,196608,0,0,18,0.031386,1.028338,0.430385,1.490109
oblique,256,instanced,512,512,512,512,1,1,1,1,48,196608,0,0,19,0.026690,0.946877,0.409755,1.383322
oblique,256,instanced,512,512,512,512,1,1,1,1,48,196608,0,0,20,0.026640,1.271557,0.410746,1.708943
oblique,256,instanced,512,512,512,512,1,1,1,1,48,196608,0,0,21,0.027310,0.924064,0.439199,1.390573
oblique,256,instanced,512,512,512,512,1,1,1,1,48,196608,0,0,22,0.022904,0.970242,0.379410,1.372556
oblique,256,instanced,512,512,512,512,1,1,1,1,48,196608,0,0,23,0.021682,0.961269,0.436214,1.419165
oblique,256,instanced,512,512,512,512,1,1,1,1,48,196608,0,0,24,0.021571,1.014237,0.422754,1.458562
oblique,256,instanced,512,512,512,512,1,1,1,1,48,196608,0,0,25,0.204532,1.149177,0.420701,1.774410
oblique,256,instanced,512,512,512,512,1,1,1,1,48,196608,0,0,26,0.022393,1.010582,0.444736,1.477711
oblique,256,instanced,512,512,512,512,1,1,1,1,48,196608,0,0,27,0.026369,1.075127,0.381984,1.483480
oblique,256,instanced,512,512,512,512,1,1,1,1,48,196608,0,0,28,0.026379,0.988429,0.432458,1.447266
oblique,256,instanced,512,512,512,512,1,1,1,1,48,196608,0,0,29,0.024006,1.053605,0.388693,1.466304
oblique,256,instanced,512,512,512,512,1,1,1,1,48,196608,0,1,0,0.019729,1.147314,0.594738,1.761781
oblique,256,instanced,512,512,512,512,1,1,1,1,48,196608,0,1,1,0.023675,1.185014,0.408122,1.616811
oblique,256,instanced,512,512,512,512,1,1,1,1,48,196608,0,1,2,0.030255,1.023500,0.428863,1.482618
oblique,256,instanced,512,512,512,512,1,1,1,1,48,196608,0,1,3,0.026199,0.976992,0.493238,1.496429
oblique,256,instanced,512,512,512,512,1,1,1,1,48,196608,0,1,4,0.027781,1.079203,0.410316,1.517300
oblique,256,instanced,512,512,512,512,1,1,1,1,48,196608,0,1,5,0.028172,0.904845,0.448643,1.381660
oblique,256,instanced,512,512,512,512,1,1,1,1,48,196608,0,1,6,0.026879,1.023276,0.466378,1.516533
oblique,256,instanced,512,512,512,512,1,1,1,1,48,196608,0,1,7,0.025828,1.151680,0.441452,1.618960
oblique,256,instanced,512,512,512,512,1,1,1,1,48,196608,0,1,8,0.023785,0.943843,0.480710,1.448338
oblique,256,instanced,512,512,512,512,1,1,1,1,48,196608,0,1,9,0.021182,0.960567,0.483494,1.465243
oblique,256,instanced,512,512,512,512,1,1,1,1,48,196608,0,1,10,0.021191,1.022129,0.491545,1.534865
oblique,256,instanced,512,512,512,512,1,1,1,1,48,196608,0,1,11,0.022172,0.935862,0.497154,1.455188
oblique,256,instanced,512,512,512,512,1,1,1,1,48,196608,0,1,12,0.024015,0.946818,0.482772,1.453605
oblique,256,instanced,512,512,512,512,1,1,1,1,48,196608,0,1,13,0.020560,0.874621,0.398669,1.293850
oblique,256,instanced,512,512,512,512,1,1,1,1,48,196608,0,1,14,0.050334,0.867421,0.806821,1.724576
oblique,256,instanced,512,512,512,512,1,1,1,1,48,196608,0,1,15,0.021361,0.930113,0.508951,1.460425
oblique,256,instanced,512,512,512,512,1,1,1,1,48,196608,0,1,16,0.021592,0.982149,0.505887,1.509628
oblique,256,instanced,512,512,512,512,1,1,1,1,48,196608,0,1,17,0.019308,1.050381,0.512196,1.581885
oblique,256,instanced,512,512,512,512,1,1,1,1,48,196608,0,1,18,0.050865,1.164649,0.400842,1.616356
oblique,256,instanced,512,512,512,512,1,1,1,1,48,196608,0,1,19,0.021712,0.858558,0.461150,1.341420
oblique,256,instanced,512,512,512,512,1,1,1,1,48,196608,0,1,20,0.020209,0.992966,0.422303,1.435478
oblique,256,instanced,512,512,512,512,1,1,1,1,48,196608,0,1,21,0.022453,1.078071,0.560067,1.660591
oblique,256,instanced,512,512,512,512,1,1,1,1,48,196608,0,1,22,0.023504,2.018730,0.473549,2.515783
oblique,256,instanced,512,512,512,512,1,1,1,1,48,196608,0,1,23,0.023925,0.929382,0.512085,1.465392
oblique,256,instanced,512,512,512,512,1,1,1,1,48,196608,0,1,24,0.021932,0.973267,0.465036,1.460235
oblique,256,instanced,512,512,512,512,1,1,1,1,48,196608,0,1,25,0.021031,0.917014,0.450475,1.388520
oblique,256,instanced,512,512,512,512,1,1,1,1,48,196608,0,1,26,0.021622,0.893058,0.447140,1.361820
oblique,256,instanced,512,512,512,512,1,1,1,1,48,196608,0,1,27,0.118255,1.073754,0.495652,1.687661
oblique,256,instanced,512,512,512,512,1,1,1,1,48,196608,0,1,28,0.024306,0.978224,0.457064,1.459594
oblique,256,instanced,512,512,512,512,1,1,1,1,48,196608,0,1,29,0.019128,1.406746,0.455673,1.881547
oblique,256,individual,512,512,512,512,256,1,1,1,48,196608,0,1,0,0.035312,1.167563,0.392219,1.595094
oblique,256,individual,512,512,512,512,256,1,1,1,48,196608,0,1,1,0.052638,0.952356,0.391878,1.396872
oblique,256,individual,512,512,512,512,256,1,1,1,48,196608,0,1,2,0.049293,1.113524,0.440310,1.603127
oblique,256,individual,512,512,512,512,256,1,1,1,48,196608,0,1,3,0.050204,0.998855,0.456714,1.505773
oblique,256,individual,512,512,512,512,256,1,1,1,48,196608,0,1,4,0.066208,1.047215,0.416675,1.530098
oblique,256,individual,512,512,512,512,256,1,1,1,48,196608,0,1,5,0.049824,0.998534,0.429894,1.478252
oblique,256,individual,512,512,512,512,256,1,1,1,48,196608,0,1,6,0.069432,1.249925,0.420195,1.739552
oblique,256,individual,512,512,512,512,256,1,1,1,48,196608,0,1,7,0.041671,0.951795,0.444041,1.437507
oblique,256,individual,512,512,512,512,256,1,1,1,48,196608,0,1,8,0.050865,0.987578,0.424106,1.462549
oblique,256,individual,512,512,512,512,256,1,1,1,48,196608,0,1,9,0.049683,1.218884,0.410726,1.679293
oblique,256,individual,512,512,512,512,256,1,1,1,48,196608,0,1,10,0.041832,1.014117,0.388884,1.444833
oblique,256,individual,512,512,512,512,256,1,1,1,48,196608,0,1,11,0.035012,1.174213,0.383326,1.592551
oblique,256,individual,512,512,512,512,256,1,1,1,48,196608,0,1,12,0.038447,1.109793,0.396295,1.544535
oblique,256,individual,512,512,512,512,256,1,1,1,48,196608,0,1,13,0.051405,1.127845,0.401503,1.580753
oblique,256,individual,512,512,512,512,256,1,1,1,48,196608,0,1,14,0.050655,3.004124,0.513758,3.568537
oblique,256,individual,512,512,512,512,256,1,1,1,48,196608,0,1,15,0.041031,0.969391,0.421742,1.432164
oblique,256,individual,512,512,512,512,256,1,1,1,48,196608,0,1,16,0.053439,1.061346,0.411227,1.526012
oblique,256,individual,512,512,512,512,256,1,1,1,48,196608,0,1,17,0.050695,1.020917,0.428352,1.499964
oblique,256,individual,512,512,512,512,256,1,1,1,48,196608,0,1,18,0.051335,1.006786,0.441953,1.500074
oblique,256,individual,512,512,512,512,256,1,1,1,48,196608,0,1,19,0.049453,1.050691,0.426579,1.526723
oblique,256,individual,512,512,512,512,256,1,1,1,48,196608,0,1,20,0.049663,0.963122,0.412328,1.425113
oblique,256,individual,512,512,512,512,256,1,1,1,48,196608,0,1,21,0.066818,1.006466,0.436344,1.509628
oblique,256,individual,512,512,512,512,256,1,1,1,48,196608,0,1,22,0.049904,1.006155,0.397787,1.453846
oblique,256,individual,512,512,512,512,256,1,1,1,48,196608,0,1,23,0.065256,1.123118,0.399971,1.588345
oblique,256,individual,512,512,512,512,256,1,1,1,48,196608,0,1,24,0.049173,1.128105,0.414752,1.592030
oblique,256,individual,512,512,512,512,256,1,1,1,48,196608,0,1,25,0.050815,1.149967,0.421292,1.622074
oblique,256,individual,512,512,512,512,256,1,1,1,48,196608,0,1,26,0.053389,1.024141,0.421753,1.499283
oblique,256,individual,512,512,512,512,256,1,1,1,48,196608,0,1,27,0.054991,1.335131,0.759155,2.149277
oblique,256,individual,512,512,512,512,256,1,1,1,48,196608,0,1,28,0.055111,0.986827,0.327113,1.369051
oblique,256,individual,512,512,512,512,256,1,1,1,48,196608,0,1,29,0.050955,1.064141,0.426289,1.541385
oblique,256,individual,512,512,512,512,256,1,1,1,48,196608,0,2,0,0.050345,0.993035,0.365600,1.408980
oblique,256,individual,512,512,512,512,256,1,1,1,48,196608,0,2,1,0.037265,0.948100,0.379870,1.365235
oblique,256,individual,512,512,512,512,256,1,1,1,48,196608,0,2,2,0.035122,0.957844,0.563993,1.556959
oblique,256,individual,512,512,512,512,256,1,1,1,48,196608,0,2,3,0.038457,0.957733,0.385049,1.381239
oblique,256,individual,512,512,512,512,256,1,1,1,48,196608,0,2,4,0.050154,1.027647,0.359030,1.436831
oblique,256,individual,512,512,512,512,256,1,1,1,48,196608,0,2,5,0.050515,0.975870,0.337278,1.363663
oblique,256,individual,512,512,512,512,256,1,1,1,48,196608,0,2,6,0.049854,0.888101,0.312811,1.250766
oblique,256,individual,512,512,512,512,256,1,1,1,48,196608,0,2,7,0.049974,1.013616,0.375574,1.439164
oblique,256,individual,512,512,512,512,256,1,1,1,48,196608,0,2,8,0.048892,1.119773,0.422664,1.591329
oblique,256,individual,512,512,512,512,256,1,1,1,48,196608,0,2,9,0.050294,0.955580,0.392820,1.398694
oblique,256,individual,512,512,512,512,256,1,1,1,48,196608,0,2,10,0.053098,0.963622,0.332451,1.349171
oblique,256,individual,512,512,512,512,256,1,1,1,48,196608,0,2,11,0.052677,1.207082,0.375865,1.635624
oblique,256,individual,512,512,512,512,256,1,1,1,48,196608,0,2,12,0.051066,0.988539,0.355945,1.395550
oblique,256,individual,512,512,512,512,256,1,1,1,48,196608,0,2,13,0.049142,1.070971,0.367573,1.487686
oblique,256,individual,512,512,512,512,256,1,1,1,48,196608,0,2,14,0.047480,0.973066,0.354293,1.374839
oblique,256,individual,512,512,512,512,256,1,1,1,48,196608,0,2,15,0.047500,1.026375,0.312351,1.386226
oblique,256,individual,512,512,512,512,256,1,1,1,48,196608,0,2,16,0.050754,1.064442,0.354793,1.469989
oblique,256,individual,512,512,512,512,256,1,1,1,48,196608,0,2,17,0.051346,0.919176,0.337208,1.307730
oblique,256,individual,512,512,512,512,256,1,1,1,48,196608,0,2,18,0.049653,1.022369,0.402944,1.474966
oblique,256,individual,512,512,512,512,256,1,1,1,48,196608,0,2,19,0.049664,1.237536,0.345690,1.632890
oblique,256,individual,512,512,512,512,256,1,1,1,48,196608,0,2,20,0.048731,0.991964,0.401523,1.442218
oblique,256,individual,512,512,512,512,256,1,1,1,48,196608,0,2,21,0.051816,0.951014,0.311259,1.314089
oblique,256,individual,512,512,512,512,256,1,1,1,48,196608,0,2,22,0.050284,0.994118,0.348134,1.392536
oblique,256,individual,512,512,512,512,256,1,1,1,48,196608,0,2,23,0.050915,1.032414,0.352991,1.436320
oblique,256,individual,512,512,512,512,256,1,1,1,48,196608,0,2,24,0.049273,1.014628,0.361994,1.425895
oblique,256,individual,512,512,512,512,256,1,1,1,48,196608,0,2,25,0.055232,1.027005,0.398569,1.480806
oblique,256,individual,512,512,512,512,256,1,1,1,48,196608,0,2,26,0.047500,1.020587,0.366430,1.434517
oblique,256,individual,512,512,512,512,256,1,1,1,48,196608,0,2,27,0.048672,0.970122,0.379771,1.398565
oblique,256,individual,512,512,512,512,256,1,1,1,48,196608,0,2,28,0.051476,1.039424,0.501746,1.592646
oblique,256,individual,512,512,512,512,256,1,1,1,48,196608,0,2,29,0.053539,1.106193,0.369876,1.529608
oblique,256,instanced,512,512,512,512,1,1,1,1,48,196608,0,2,0,0.027621,1.034697,0.387602,1.449920
oblique,256,instanced,512,512,512,512,1,1,1,1,48,196608,0,2,1,0.027581,0.987297,0.415934,1.430812
oblique,256,instanced,512,512,512,512,1,1,1,1,48,196608,0,2,2,0.025147,0.921009,0.413521,1.359677
oblique,256,instanced,512,512,512,512,1,1,1,1,48,196608,0,2,3,0.027691,1.011303,0.406750,1.445744
oblique,256,instanced,512,512,512,512,1,1,1,1,48,196608,0,2,4,0.026128,1.045764,0.382124,1.454016
oblique,256,instanced,512,512,512,512,1,1,1,1,48,196608,0,2,5,0.025538,1.062378,0.405258,1.493174
oblique,256,instanced,512,512,512,512,1,1,1,1,48,196608,0,2,6,0.027331,1.019815,0.354694,1.401840
oblique,256,instanced,512,512,512,512,1,1,1,1,48,196608,0,2,7,0.027260,0.932647,0.368203,1.328110
oblique,256,instanced,512,512,512,512,1,1,1,1,48,196608,0,2,8,0.024065,0.890545,0.338149,1.252759
oblique,256,instanced,512,512,512,512,1,1,1,1,48,196608,0,2,9,0.023234,1.130278,0.340483,1.493995
oblique,256,instanced,512,512,512,512,1,1,1,1,48,196608,0,2,10,0.029113,0.947829,0.330007,1.306949
oblique,256,instanced,512,512,512,512,1,1,1,1,48,196608,0,2,11,0.025408,0.965084,0.307424,1.297916
oblique,256,instanced,512,512,512,512,1,1,1,1,48,196608,0,2,12,0.024456,0.987357,0.343527,1.355340
oblique,256,instanced,512,512,512,512,1,1,1,1,48,196608,0,2,13,0.026689,0.879498,0.383877,1.290064
oblique,256,instanced,512,512,512,512,1,1,1,1,48,196608,0,2,14,0.029003,1.593372,0.817676,2.440051
oblique,256,instanced,512,512,512,512,1,1,1,1,48,196608,0,2,15,0.032128,1.116057,0.342476,1.490661
oblique,256,instanced,512,512,512,512,1,1,1,1,48,196608,0,2,16,0.027962,1.045683,0.396015,1.469660
oblique,256,instanced,512,512,512,512,1,1,1,1,48,196608,0,2,17,0.022473,0.966837,0.371058,1.360368
oblique,256,instanced,512,512,512,512,1,1,1,1,48,196608,0,2,18,0.021762,0.967158,0.409694,1.398614
oblique,256,instanced,512,512,512,512,1,1,1,1,48,196608,0,2,19,0.020220,0.823806,0.411938,1.255964
oblique,256,instanced,512,512,512,512,1,1,1,1,48,196608,0,2,20,0.018718,0.874190,0.479157,1.372065
oblique,256,instanced,512,512,512,512,1,1,1,1,48,196608,0,2,21,0.019899,0.879288,0.438547,1.337734
oblique,256,instanced,512,512,512,512,1,1,1,1,48,196608,0,2,22,0.024756,0.978325,0.489792,1.492873
oblique,256,instanced,512,512,512,512,1,1,1,1,48,196608,0,2,23,0.020571,0.886729,0.418647,1.325947
oblique,256,instanced,512,512,512,512,1,1,1,1,48,196608,0,2,24,0.021662,0.969170,0.397447,1.388279
oblique,256,instanced,512,512,512,512,1,1,1,1,48,196608,0,2,25,0.028362,1.144519,0.431086,1.603967
oblique,256,instanced,512,512,512,512,1,1,1,1,48,196608,0,2,26,0.027741,1.254612,0.415683,1.698036
oblique,256,instanced,512,512,512,512,1,1,1,1,48,196608,0,2,27,0.022904,0.891246,0.374843,1.288993
oblique,256,instanced,512,512,512,512,1,1,1,1,48,196608,0,2,28,0.021611,1.072253,0.322536,1.416400
oblique,256,instanced,512,512,512,512,1,1,1,1,48,196608,0,2,29,0.019629,0.852869,0.341153,1.213651
oblique,1024,individual,512,512,512,512,1024,1,1,1,48,196608,0,0,0,0.083193,2.423216,0.447310,2.953719
oblique,1024,individual,512,512,512,512,1024,1,1,1,48,196608,0,0,1,0.079478,3.202396,0.433250,3.715124
oblique,1024,individual,512,512,512,512,1024,1,1,1,48,196608,0,0,2,0.193946,2.583434,0.391107,3.168487
oblique,1024,individual,512,512,512,512,1024,1,1,1,48,196608,0,0,3,0.077544,2.526940,0.371979,2.976463
oblique,1024,individual,512,512,512,512,1024,1,1,1,48,196608,0,0,4,0.077504,2.432811,0.386921,2.897236
oblique,1024,individual,512,512,512,512,1024,1,1,1,48,196608,0,0,5,0.076644,3.099103,0.438538,3.614285
oblique,1024,individual,512,512,512,512,1024,1,1,1,48,196608,0,0,6,0.077414,2.389988,0.393300,2.860702
oblique,1024,individual,512,512,512,512,1024,1,1,1,48,196608,0,0,7,0.078206,2.624744,0.462072,3.165022
oblique,1024,individual,512,512,512,512,1024,1,1,1,48,196608,0,0,8,0.077484,2.488493,0.397597,2.963574
oblique,1024,individual,512,512,512,512,1024,1,1,1,48,196608,0,0,9,0.078285,2.605446,0.367312,3.051043
oblique,1024,individual,512,512,512,512,1024,1,1,1,48,196608,0,0,10,0.079027,2.441854,0.382234,2.903115
oblique,1024,individual,512,512,512,512,1024,1,1,1,48,196608,0,0,11,0.078466,2.494843,0.363626,2.936935
oblique,1024,individual,512,512,512,512,1024,1,1,1,48,196608,0,0,12,0.076312,2.834759,0.358179,3.269250
oblique,1024,individual,512,512,512,512,1024,1,1,1,48,196608,0,0,13,0.116481,2.454624,0.611602,3.182707
oblique,1024,individual,512,512,512,512,1024,1,1,1,48,196608,0,0,14,0.115510,4.410460,0.362155,4.888125
oblique,1024,individual,512,512,512,512,1024,1,1,1,48,196608,0,0,15,0.137864,2.854323,0.392429,3.384616
oblique,1024,individual,512,512,512,512,1024,1,1,1,48,196608,0,0,16,0.099828,2.491226,0.393832,2.984886
oblique,1024,individual,512,512,512,512,1024,1,1,1,48,196608,0,0,17,0.119146,2.541932,0.403275,3.064353
oblique,1024,individual,512,512,512,512,1024,1,1,1,48,196608,0,0,18,0.121659,2.450517,0.366762,2.938938
oblique,1024,individual,512,512,512,512,1024,1,1,1,48,196608,0,0,19,0.122250,2.662680,0.405529,3.190459
oblique,1024,individual,512,512,512,512,1024,1,1,1,48,196608,0,0,20,0.119356,2.417739,0.372700,2.909795
oblique,1024,individual,512,512,512,512,1024,1,1,1,48,196608,0,0,21,0.119837,2.635149,0.392199,3.147185
oblique,1024,individual,512,512,512,512,1024,1,1,1,48,196608,0,0,22,0.111905,2.558417,0.353151,3.023473
oblique,1024,individual,512,512,512,512,1024,1,1,1,48,196608,0,0,23,0.116833,2.451178,0.389404,2.957415
oblique,1024,individual,512,512,512,512,1024,1,1,1,48,196608,0,0,24,0.116231,2.450137,0.410075,2.976443
oblique,1024,individual,512,512,512,512,1024,1,1,1,48,196608,0,0,25,0.118434,2.484167,0.325070,2.927671
oblique,1024,individual,512,512,512,512,1024,1,1,1,48,196608,0,0,26,0.120668,2.312473,0.332170,2.765311
oblique,1024,individual,512,512,512,512,1024,1,1,1,48,196608,0,0,27,0.123653,2.964925,0.358570,3.447148
oblique,1024,individual,512,512,512,512,1024,1,1,1,48,196608,0,0,28,0.120999,2.475013,0.390527,2.986539
oblique,1024,individual,512,512,512,512,1024,1,1,1,48,196608,0,0,29,0.116642,2.390629,0.391197,2.898468
oblique,1024,instanced,512,512,512,512,1,1,1,1,48,196608,0,0,0,0.025888,1.970759,0.358569,2.355216
oblique,1024,instanced,512,512,512,512,1,1,1,1,48,196608,0,0,1,0.029263,2.135032,0.349165,2.513460
oblique,1024,instanced,512,512,512,512,1,1,1,1,48,196608,0,0,2,0.053870,1.950108,0.361063,2.365041
oblique,1024,instanced,512,512,512,512,1,1,1,1,48,196608,0,0,3,0.024416,1.898122,0.359330,2.281868
oblique,1024,instanced,512,512,512,512,1,1,1,1,48,196608,0,0,4,0.025368,2.029105,0.531815,2.586288
oblique,1024,instanced,512,512,512,512,1,1,1,1,48,196608,0,0,5,0.029814,1.819496,0.358228,2.207538
oblique,1024,instanced,512,512,512,512,1,1,1,1,48,196608,0,0,6,0.024627,1.863410,0.339901,2.227938
oblique,1024,instanced,512,512,512,512,1,1,1,1,48,196608,0,0,7,0.029183,2.092518,2.472580,4.594281
oblique,1024,instanced,512,512,512,512,1,1,1,1,48,196608,0,0,8,0.047160,1.950319,0.402814,2.400293
oblique,1024,instanced,512,512,512,512,1,1,1,1,48,196608,0,0,9,0.038107,2.088012,0.387532,2.513651
oblique,1024,instanced,512,512,512,512,1,1,1,1,48,196608,0,0,10,0.025638,2.116184,0.332911,2.474733
oblique,1024,instanced,512,512,512,512,1,1,1,1,48,196608,0,0,11,0.027861,1.860116,0.355615,2.243592
oblique,1024,instanced,512,512,512,512,1,1,1,1,48,196608,0,0,12,0.027320,2.357680,0.397987,2.782987
oblique,1024,instanced,512,512,512,512,1,1,1,1,48,196608,0,0,13,0.026800,2.080771,0.415413,2.522984
oblique,1024,instanced,512,512,512,512,1,1,1,1,48,196608,0,0,14,0.026159,1.970738,0.345731,2.342628
oblique,1024,instanced,512,512,512,512,1,1,1,1,48,196608,0,0,15,0.026419,1.911892,0.365269,2.303580
oblique,1024,instanced,512,512,512,512,1,1,1,1,48,196608,0,0,16,0.025628,1.978040,0.410255,2.413923
oblique,1024,instanced,512,512,512,512,1,1,1,1,48,196608,0,0,17,0.024776,1.921962,0.413260,2.359998
oblique,1024,instanced,512,512,512,512,1,1,1,1,48,196608,0,0,18,0.023094,2.144415,0.434662,2.602171
oblique,1024,instanced,512,512,512,512,1,1,1,1,48,196608,0,0,19,0.032859,2.229621,0.375203,2.637683
oblique,1024,instanced,512,512,512,512,1,1,1,1,48,196608,0,0,20,0.026058,2.146058,0.414692,2.586808
oblique,1024,instanced,512,512,512,512,1,1,1,1,48,196608,0,0,21,0.026169,1.905402,0.414211,2.345782
oblique,1024,instanced,512,512,512,512,1,1,1,1,48,196608,0,0,22,0.031116,2.058007,0.448682,2.537805
oblique,1024,instanced,512,512,512,512,1,1,1,1,48,196608,0,0,23,0.028241,1.878403,0.407041,2.313685
oblique,1024,instanced,512,512,512,512,1,1,1,1,48,196608,0,0,24,0.024406,1.954655,0.413640,2.392701
oblique,1024,instanced,512,512,512,512,1,1,1,1,48,196608,0,0,25,0.026028,1.756913,0.427080,2.210021
oblique,1024,instanced,512,512,512,512,1,1,1,1,48,196608,0,0,26,0.025518,2.244047,0.425388,2.694953
oblique,1024,instanced,512,512,512,512,1,1,1,1,48,196608,0,0,27,0.025668,1.878663,0.395383,2.299714
oblique,1024,instanced,512,512,512,512,1,1,1,1,48,196608,0,0,28,0.022203,1.981405,0.425818,2.429426
oblique,1024,instanced,512,512,512,512,1,1,1,1,48,196608,0,0,29,0.024105,1.989947,0.401423,2.415475
oblique,1024,instanced,512,512,512,512,1,1,1,1,48,196608,0,1,0,0.024946,2.007063,0.434872,2.466881
oblique,1024,instanced,512,512,512,512,1,1,1,1,48,196608,0,1,1,0.023325,1.892363,0.394502,2.310190
oblique,1024,instanced,512,512,512,512,1,1,1,1,48,196608,0,1,2,0.020881,1.935137,0.444876,2.400894
oblique,1024,instanced,512,512,512,512,1,1,1,1,48,196608,0,1,3,0.022112,1.957880,0.431637,2.411629
oblique,1024,instanced,512,512,512,512,1,1,1,1,48,196608,0,1,4,0.022183,1.952351,0.395173,2.369707
oblique,1024,instanced,512,512,512,512,1,1,1,1,48,196608,0,1,5,0.019519,2.171565,0.426459,2.617543
oblique,1024,instanced,512,512,512,512,1,1,1,1,48,196608,0,1,6,0.022744,1.872974,0.412489,2.308207
oblique,1024,instanced,512,512,512,512,1,1,1,1,48,196608,0,1,7,0.022463,1.854588,0.446489,2.323540
oblique,1024,instanced,512,512,512,512,1,1,1,1,48,196608,0,1,8,0.045447,2.356599,0.382975,2.785021
oblique,1024,instanced,512,512,512,512,1,1,1,1,48,196608,0,1,9,0.027851,2.434493,0.408122,2.870466
oblique,1024,instanced,512,512,512,512,1,1,1,1,48,196608,0,1,10,0.029353,1.918061,0.365550,2.312964
oblique,1024,instanced,512,512,512,512,1,1,1,1,48,196608,0,1,11,0.023625,2.139357,0.403345,2.566327
oblique,1024,instanced,512,512,512,512,1,1,1,1,48,196608,0,1,12,0.023205,2.001674,0.389996,2.414875
oblique,1024,instanced,512,512,512,512,1,1,1,1,48,196608,0,1,13,0.021051,2.080320,0.367983,2.469354
oblique,1024,instanced,512,512,512,512,1,1,1,1,48,196608,0,1,14,0.033079,2.012140,0.384728,2.429947
oblique,1024,instanced,512,512,512,512,1,1,1,1,48,196608,0,1,15,0.027240,2.022065,0.400351,2.449656
oblique,1024,instanced,512,512,512,512,1,1,1,1,48,196608,0,1,16,0.026259,1.889088,0.353071,2.268418
oblique,1024,instanced,512,512,512,512,1,1,1,1,48,196608,0,1,17,0.026700,1.858783,0.366501,2.251984
oblique,1024,instanced,512,512,512,512,1,1,1,1,48,196608,0,1,18,0.025558,2.022885,0.366842,2.415285
oblique,1024,instanced,512,512,512,512,1,1,1,1,48,196608,0,1,19,0.026489,2.010428,0.432018,2.468935
oblique,1024,instanced,512,512,512,512,1,1,1,1,48,196608,0,1,20,0.027991,2.785261,0.442604,3.255856
oblique,1024,instanced,512,512,512,512,1,1,1,1,48,196608,0,1,21,0.045938,2.035374,0.371348,2.452660
oblique,1024,instanced,512,512,512,512,1,1,1,1,48,196608,0,1,22,0.028252,2.084847,0.348134,2.461233
oblique,1024,instanced,512,512,512,512,1,1,1,1,48,196608,0,1,23,0.029033,2.183753,0.387762,2.600548
oblique,1024,instanced,512,512,512,512,1,1,1,1,48,196608,0,1,24,0.032188,2.249675,0.394302,2.676165
oblique,1024,instanced,512,512,512,512,1,1,1,1,48,196608,0,1,25,0.023715,2.042300,0.390556,2.456571
oblique,1024,instanced,512,512,512,512,1,1,1,1,48,196608,0,1,26,0.029484,2.315648,0.412769,2.757901
oblique,1024,instanced,512,512,512,512,1,1,1,1,48,196608,0,1,27,0.028753,2.193768,0.409715,2.632236
oblique,1024,instanced,512,512,512,512,1,1,1,1,48,196608,0,1,28,0.023715,1.825074,0.439048,2.287837
oblique,1024,instanced,512,512,512,512,1,1,1,1,48,196608,0,1,29,0.018798,1.974108,0.374503,2.367409
oblique,1024,individual,512,512,512,512,1024,1,1,1,48,196608,0,1,0,0.074660,2.203442,0.459789,2.737891
oblique,1024,individual,512,512,512,512,1024,1,1,1,48,196608,0,1,1,0.074139,1.985340,0.421192,2.480671
oblique,1024,individual,512,512,512,512,1024,1,1,1,48,196608,0,1,2,0.074430,2.025650,0.433059,2.533139
oblique,1024,individual,512,512,512,512,1024,1,1,1,48,196608,0,1,3,0.075401,2.024939,0.410676,2.511016
oblique,1024,individual,512,512,512,512,1024,1,1,1,48,196608,0,1,4,0.073218,2.063896,0.405038,2.542152
oblique,1024,individual,512,512,512,512,1024,1,1,1,48,196608,0,1,5,0.076092,1.976688,0.457295,2.510075
oblique,1024,individual,512,512,512,512,1024,1,1,1,48,196608,0,1,6,0.095300,2.030678,0.400751,2.526729
oblique,1024,individual,512,512,512,512,1024,1,1,1,48,196608,0,1,7,0.077534,2.135492,0.425208,2.638234
oblique,1024,individual,512,512,512,512,1024,1,1,1,48,196608,0,1,8,0.073979,4.971473,1.126527,6.171979
oblique,1024,individual,512,512,512,512,1024,1,1,1,48,196608,0,1,9,0.103582,2.257463,0.433159,2.794204
oblique,1024,individual,512,512,512,512,1024,1,1,1,48,196608,0,1,10,0.098005,2.245044,0.418918,2.761967
oblique,1024,individual,512,512,512,512,1024,1,1,1,48,196608,0,1,11,0.119406,2.000874,0.481220,2.601500
oblique,1024,individual,512,512,512,512,1024,1,1,1,48,196608,0,1,12,0.080729,2.079760,0.482222,2.642711
oblique,1024,individual,512,512,512,512,1024,1,1,1,48,196608,0,1,13,0.078646,2.161040,0.545465,2.785151
oblique,1024,individual,512,512,512,512,1024,1,1,1,48,196608,0,1,14,0.076092,2.067421,0.422153,2.565666
oblique,1024,individual,512,512,512,512,1024,1,1,1,48,196608,0,1,15,0.074610,2.127961,0.466619,2.669190
oblique,1024,individual,512,512,512,512,1024,1,1,1,48,196608,0,1,16,0.076913,2.177144,0.368234,2.622291
oblique,1024,individual,512,512,512,512,1024,1,1,1,48,196608,0,1,17,0.075361,2.057036,0.367944,2.500341
oblique,1024,individual,512,512,512,512,1024,1,1,1,48,196608,0,1,18,0.076173,2.182040,0.387693,2.645906
oblique,1024,individual,512,512,512,512,1024,1,1,1,48,196608,0,1,19,0.079788,2.598856,0.415573,3.094217
oblique,1024,individual,512,512,512,512,1024,1,1,1,48,196608,0,1,20,0.117423,1.843150,0.382275,2.342848
oblique,1024,individual,512,512,512,512,1024,1,1,1,48,196608,0,1,21,0.079698,1.998549,0.400582,2.478829
oblique,1024,individual,512,512,512,512,1024,1,1,1,48,196608,0,1,22,0.079037,1.943178,0.481631,2.503846
oblique,1024,individual,512,512,512,512,1024,1,1,1,48,196608,0,1,23,0.077384,2.017188,0.369916,2.464488
oblique,1024,individual,512,512,512,512,1024,1,1,1,48,196608,0,1,24,0.096222,1.931041,0.409464,2.436727
oblique,1024,individual,512,512,512,512,1024,1,1,1,48,196608,0,1,25,0.073769,1.846886,0.364738,2.285393
oblique,1024,individual,512,512,512,512,1024,1,1,1,48,196608,0,1,26,0.105216,2.233066,1.669524,4.007806
oblique,1024,individual,512,512,512,512,1024,1,1,1,48,196608,0,1,27,0.078106,2.124355,0.465127,2.667588
oblique,1024,individual,512,512,512,512,1024,1,1,1,48,196608,0,1,28,0.081991,2.048714,0.405288,2.535993
oblique,1024,individual,512,512,512,512,1024,1,1,1,48,196608,0,1,29,0.078486,2.149262,0.446960,2.674708
oblique,1024,individual,512,512,512,512,1024,1,1,1,48,196608,0,2,0,0.115961,1.940134,0.417697,2.473792
oblique,1024,individual,512,512,512,512,1024,1,1,1,48,196608,0,2,1,0.108900,2.179457,0.342926,2.631283
oblique,1024,individual,512,512,512,512,1024,1,1,1,48,196608,0,2,2,0.114710,2.103074,0.339030,2.556814
oblique,1024,individual,512,512,512,512,1024,1,1,1,48,196608,0,2,3,0.118655,2.118056,0.349086,2.585797
oblique,1024,individual,512,512,512,512,1024,1,1,1,48,196608,0,2,4,0.106397,2.059741,0.374172,2.540310
oblique,1024,individual,512,512,512,512,1024,1,1,1,48,196608,0,2,5,0.136352,2.033641,0.380302,2.550295
oblique,1024,individual,512,512,512,512,1024,1,1,1,48,196608,0,2,6,0.116973,2.197949,0.386561,2.701483
oblique,1024,individual,512,512,512,512,1024,1,1,1,48,196608,0,2,7,0.118715,2.111647,0.355395,2.585757
oblique,1024,individual,512,512,512,512,1024,1,1,1,48,196608,0,2,8,0.079457,1.985100,0.400281,2.464838
oblique,1024,individual,512,512,512,512,1024,1,1,1,48,196608,0,2,9,0.076203,2.076224,0.401152,2.553579
oblique,1024,individual,512,512,512,512,1024,1,1,1,48,196608,0,2,10,0.077354,2.044117,0.419199,2.540670
oblique,1024,individual,512,512,512,512,1024,1,1,1,48,196608,0,2,11,0.083793,1.929148,0.494099,2.507040
oblique,1024,individual,512,512,512,512,1024,1,1,1,48,196608,0,2,12,0.127939,2.320926,0.377747,2.826612
oblique,1024,individual,512,512,512,512,1024,1,1,1,48,196608,0,2,13,0.113207,2.073891,0.544594,2.731692
oblique,1024,individual,512,512,512,512,1024,1,1,1,48,196608,0,2,14,0.116052,2.095132,0.428412,2.639596
oblique,1024,individual,512,512,512,512,1024,1,1,1,48,196608,0,2,15,0.114739,2.000293,0.385789,2.500821
oblique,1024,individual,512,512,512,512,1024,1,1,1,48,196608,0,2,16,0.104474,2.058188,0.440480,2.603142
oblique,1024,individual,512,512,512,512,1024,1,1,1,48,196608,0,2,17,0.079548,2.188049,0.387532,2.655129
oblique,1024,individual,512,512,512,512,1024,1,1,1,48,196608,0,2,18,0.077094,2.010337,0.453920,2.541351
oblique,1024,individual,512,512,512,512,1024,1,1,1,48,196608,0,2,19,0.078526,2.233176,0.447180,2.758882
oblique,1024,individual,512,512,512,512,1024,1,1,1,48,196608,0,2,20,0.076193,2.018809,0.389275,2.484277
oblique,1024,individual,512,512,512,512,1024,1,1,1,48,196608,0,2,21,0.076553,2.164565,0.444486,2.685604
oblique,1024,individual,512,512,512,512,1024,1,1,1,48,196608,0,2,22,0.074040,2.016897,0.402504,2.493441
oblique,1024,individual,512,512,512,512,1024,1,1,1,48,196608,0,2,23,0.075542,2.099348,0.443976,2.618866
oblique,1024,individual,512,512,512,512,1024,1,1,1,48,196608,0,2,24,0.074980,2.116895,0.432488,2.624363
oblique,1024,individual,512,512,512,512,1024,1,1,1,48,196608,0,2,25,0.074820,2.218124,0.396896,2.689840
oblique,1024,individual,512,512,512,512,1024,1,1,1,48,196608,0,2,26,0.074670,2.008544,0.432318,2.515532
oblique,1024,individual,512,512,512,512,1024,1,1,1,48,196608,0,2,27,0.075521,2.278713,0.619194,2.973428
oblique,1024,individual,512,512,512,512,1024,1,1,1,48,196608,0,2,28,0.077424,2.076715,0.428853,2.582992
oblique,1024,individual,512,512,512,512,1024,1,1,1,48,196608,0,2,29,0.080869,2.024789,0.413941,2.519599
oblique,1024,instanced,512,512,512,512,1,1,1,1,48,196608,0,2,0,0.022403,1.967183,0.390547,2.380133
oblique,1024,instanced,512,512,512,512,1,1,1,1,48,196608,0,2,1,0.022313,1.933944,0.440530,2.396787
oblique,1024,instanced,512,512,512,512,1,1,1,1,48,196608,0,2,2,0.022774,1.890841,0.394703,2.308318
oblique,1024,instanced,512,512,512,512,1,1,1,1,48,196608,0,2,3,0.021031,1.856500,0.406100,2.283631
oblique,1024,instanced,512,512,512,512,1,1,1,1,48,196608,0,2,4,0.020580,2.108102,0.579415,2.708097
oblique,1024,instanced,512,512,512,512,1,1,1,1,48,196608,0,2,5,0.021612,2.559238,0.430064,3.010914
oblique,1024,instanced,512,512,512,512,1,1,1,1,48,196608,0,2,6,0.033269,2.520530,0.383106,2.936905
oblique,1024,instanced,512,512,512,512,1,1,1,1,48,196608,0,2,7,0.022473,4.039242,0.388463,4.450178
oblique,1024,instanced,512,512,512,512,1,1,1,1,48,196608,0,2,8,0.033569,2.318012,0.379840,2.731421
oblique,1024,instanced,512,512,512,512,1,1,1,1,48,196608,0,2,9,0.020360,2.227508,0.376936,2.624804
oblique,1024,instanced,512,512,512,512,1,1,1,1,48,196608,0,2,10,0.023124,2.500440,0.502787,3.026351
oblique,1024,instanced,512,512,512,512,1,1,1,1,48,196608,0,2,11,0.086157,3.675264,0.470294,4.231715
oblique,1024,instanced,512,512,512,512,1,1,1,1,48,196608,0,2,12,0.030665,3.605853,1.015018,4.651536
oblique,1024,instanced,512,512,512,512,1,1,1,1,48,196608,0,2,13,0.032317,3.674003,0.443815,4.150135
oblique,1024,instanced,512,512,512,512,1,1,1,1,48,196608,0,2,14,0.026850,3.740020,0.376465,4.143335
oblique,1024,instanced,512,512,512,512,1,1,1,1,48,196608,0,2,15,0.026489,3.743115,1.373467,5.143071
oblique,1024,instanced,512,512,512,512,1,1,1,1,48,196608,0,2,16,0.037706,4.075866,0.524043,4.637615
oblique,1024,instanced,512,512,512,512,1,1,1,1,48,196608,0,2,17,0.032138,3.650368,0.491315,4.173821
oblique,1024,instanced,512,512,512,512,1,1,1,1,48,196608,0,2,18,0.026980,3.743265,0.480429,4.250674
oblique,1024,instanced,512,512,512,512,1,1,1,1,48,196608,0,2,19,0.026068,4.020925,0.487479,4.534472
oblique,1024,instanced,512,512,512,512,1,1,1,1,48,196608,0,2,20,0.033599,3.582979,0.490804,4.107382
oblique,1024,instanced,512,512,512,512,1,1,1,1,48,196608,0,2,21,0.025026,3.633864,0.508491,4.167381
oblique,1024,instanced,512,512,512,512,1,1,1,1,48,196608,0,2,22,0.026970,7.669479,0.436365,8.132814
oblique,1024,instanced,512,512,512,512,1,1,1,1,48,196608,0,2,23,0.063454,5.384167,0.497515,5.945136
oblique,1024,instanced,512,512,512,512,1,1,1,1,48,196608,0,2,24,0.048312,2.140599,0.528771,2.717682
oblique,1024,instanced,512,512,512,512,1,1,1,1,48,196608,0,2,25,0.025057,2.414253,0.491726,2.931036
oblique,1024,instanced,512,512,512,512,1,1,1,1,48,196608,0,2,26,0.022894,2.428234,0.453629,2.904757
oblique,1024,instanced,512,512,512,512,1,1,1,1,48,196608,0,2,27,0.024256,2.412872,0.493087,2.930215
oblique,1024,instanced,512,512,512,512,1,1,1,1,48,196608,0,2,28,0.024286,2.482935,0.625558,3.132779
oblique,1024,instanced,512,512,512,512,1,1,1,1,48,196608,0,2,29,0.026189,2.372762,0.559937,2.958888
oblique,4096,individual,512,512,512,512,4096,1,1,1,48,196608,0,0,0,0.256859,7.972477,0.464867,8.694203
oblique,4096,individual,512,512,512,512,4096,1,1,1,48,196608,0,0,1,0.252363,7.826081,0.421162,8.499606
oblique,4096,individual,512,512,512,512,4096,1,1,1,48,196608,0,0,2,0.254916,7.802316,0.437015,8.494247
oblique,4096,individual,512,512,512,512,4096,1,1,1,48,196608,0,0,3,0.492077,8.229236,0.438037,9.159350
oblique,4096,individual,512,512,512,512,4096,1,1,1,48,196608,0,0,4,0.255387,7.999937,0.398469,8.653793
oblique,4096,individual,512,512,512,512,4096,1,1,1,48,196608,0,0,5,0.291951,7.639396,0.466048,8.397395
oblique,4096,individual,512,512,512,512,4096,1,1,1,48,196608,0,0,6,0.239303,7.578626,0.488030,8.305959
oblique,4096,individual,512,512,512,512,4096,1,1,1,48,196608,0,0,7,0.240135,7.944256,0.394442,8.578833
oblique,4096,individual,512,512,512,512,4096,1,1,1,48,196608,0,0,8,0.251431,8.197470,1.835228,10.284129
oblique,4096,individual,512,512,512,512,4096,1,1,1,48,196608,0,0,9,0.253234,8.368472,0.552646,9.174352
oblique,4096,individual,512,512,512,512,4096,1,1,1,48,196608,0,0,10,0.293153,7.805521,0.542180,8.640854
oblique,4096,individual,512,512,512,512,4096,1,1,1,48,196608,0,0,11,0.255617,7.922664,0.416404,8.594685
oblique,4096,individual,512,512,512,512,4096,1,1,1,48,196608,0,0,12,0.306513,9.119950,0.403967,9.830430
oblique,4096,individual,512,512,512,512,4096,1,1,1,48,196608,0,0,13,0.288165,7.722499,0.415022,8.425686
oblique,4096,individual,512,512,512,512,4096,1,1,1,48,196608,0,0,14,0.242598,8.007950,0.388263,8.638811
oblique,4096,individual,512,512,512,512,4096,1,1,1,48,196608,0,0,15,0.380651,7.714697,0.435373,8.530721
oblique,4096,individual,512,512,512,512,4096,1,1,1,48,196608,0,0,16,0.256228,8.037003,0.458827,8.752058
oblique,4096,individual,512,512,512,512,4096,1,1,1,48,196608,0,0,17,0.241556,7.378120,0.413060,8.032736
oblique,4096,individual,512,512,512,512,4096,1,1,1,48,196608,0,0,18,0.236078,7.578857,0.402884,8.217819
oblique,4096,individual,512,512,512,512,4096,1,1,1,48,196608,0,0,19,0.313663,7.372842,0.540848,8.227353
oblique,4096,individual,512,512,512,512,4096,1,1,1,48,196608,0,0,20,0.233635,7.601770,0.387863,8.223268
oblique,4096,individual,512,512,512,512,4096,1,1,1,48,196608,0,0,21,0.280344,8.461229,0.439659,9.181232
oblique,4096,individual,512,512,512,512,4096,1,1,1,48,196608,0,0,22,0.244852,7.636701,0.398388,8.279941
oblique,4096,individual,512,512,512,512,4096,1,1,1,48,196608,0,0,23,0.249238,7.920671,0.421292,8.591201
oblique,4096,individual,512,512,512,512,4096,1,1,1,48,196608,0,0,24,0.481731,7.708658,0.343156,8.533545
oblique,4096,individual,512,512,512,512,4096,1,1,1,48,196608,0,0,25,0.241807,7.777931,0.437235,8.456973
oblique,4096,individual,512,512,512,512,4096,1,1,1,48,196608,0,0,26,0.333502,7.828936,0.393641,8.556079
oblique,4096,individual,512,512,512,512,4096,1,1,1,48,196608,0,0,27,0.248446,7.720956,0.394212,8.363614
oblique,4096,individual,512,512,512,512,4096,1,1,1,48,196608,0,0,28,0.279512,7.770729,0.585244,8.635485
oblique,4096,individual,512,512,512,512,4096,1,1,1,48,196608,0,0,29,0.250560,7.950405,0.487209,8.688174
oblique,4096,instanced,512,512,512,512,1,1,1,1,48,196608,0,0,0,0.030314,7.350601,0.439558,7.820473
oblique,4096,instanced,512,512,512,512,1,1,1,1,48,196608,0,0,1,0.031136,7.347165,0.424707,7.803008
oblique,4096,instanced,512,512,512,512,1,1,1,1,48,196608,0,0,2,0.031977,7.432421,0.435312,7.899710
oblique,4096,instanced,512,512,512,512,1,1,1,1,48,196608,0,0,3,0.031596,7.580891,0.479728,8.092215
oblique,4096,instanced,512,512,512,512,1,1,1,1,48,196608,0,0,4,0.057875,7.451289,0.486278,7.995442
oblique,4096,instanced,512,512,512,512,1,1,1,1,48,196608,0,0,5,0.043274,7.742879,0.426970,8.213123
oblique,4096,instanced,512,512,512,512,1,1,1,1,48,196608,0,0,6,0.041691,7.171827,0.469953,7.683471
oblique,4096,instanced,512,512,512,512,1,1,1,1,48,196608,0,0,7,0.040830,6.946004,0.373682,7.360516
oblique,4096,instanced,512,512,512,512,1,1,1,1,48,196608,0,0,8,0.045217,8.013984,0.507649,8.566850
oblique,4096,instanced,512,512,512,512,1,1,1,1,48,196608,0,0,9,0.039839,7.295258,0.439389,7.774486
oblique,4096,instanced,512,512,512,512,1,1,1,1,48,196608,0,0,10,0.037395,7.168872,0.450084,7.656351
oblique,4096,instanced,512,512,512,512,1,1,1,1,48,196608,0,0,11,0.035102,7.472030,0.413060,7.920192
oblique,4096,instanced,512,512,512,512,1,1,1,1,48,196608,0,0,12,0.033850,7.145517,0.462132,7.641499
oblique,4096,instanced,512,512,512,512,1,1,1,1,48,196608,0,0,13,0.041551,7.199628,0.488621,7.729800
oblique,4096,instanced,512,512,512,512,1,1,1,1,48,196608,0,0,14,0.033389,7.621330,0.443846,8.098565
oblique,4096,instanced,512,512,512,512,1,1,1,1,48,196608,0,0,15,0.034551,6.843062,0.428192,7.305805
oblique,4096,instanced,512,512,512,512,1,1,1,1,48,196608,0,0,16,0.031226,6.829861,0.360412,7.221499
oblique,4096,instanced,512,512,512,512,1,1,1,1,48,196608,0,0,17,0.037606,7.116975,0.492337,7.646918
oblique,4096,instanced,512,512,512,512,1,1,1,1,48,196608,0,0,18,0.035102,7.586819,0.389675,8.011596
oblique,4096,instanced,512,512,512,512,1,1,1,1,48,196608,0,0,19,0.034341,7.017179,0.381673,7.433193
oblique,4096,instanced,512,512,512,512,1,1,1,1,48,196608,0,0,20,0.030995,7.084278,0.422393,7.537666
oblique,4096,instanced,512,512,512,512,1,1,1,1,48,196608,0,0,21,0.030114,7.137406,0.379180,7.546700
oblique,4096,instanced,512,512,512,512,1,1,1,1,48,196608,0,0,22,0.031536,6.907086,0.381153,7.319775
oblique,4096,instanced,512,512,512,512,1,1,1,1,48,196608,0,0,23,0.036444,7.414044,0.411868,7.862356
oblique,4096,instanced,512,512,512,512,1,1,1,1,48,196608,0,0,24,0.034501,7.787194,0.450656,8.272351
oblique,4096,instanced,512,512,512,512,1,1,1,1,48,196608,0,0,25,0.034481,7.633287,0.453189,8.120957
oblique,4096,instanced,512,512,512,512,1,1,1,1,48,196608,0,0,26,0.041792,7.594340,0.476043,8.112175
oblique,4096,instanced,512,512,512,512,1,1,1,1,48,196608,0,0,27,0.038357,7.552598,0.474411,8.065366
oblique,4096,instanced,512,512,512,512,1,1,1,1,48,196608,0,0,28,0.035963,7.389918,0.419570,7.845451
oblique,4096,instanced,512,512,512,512,1,1,1,1,48,196608,0,0,29,0.034632,7.004699,0.394833,7.434164
oblique,4096,instanced,512,512,512,512,1,1,1,1,48,196608,0,1,0,0.044115,7.568402,0.410626,8.023143
oblique,4096,instanced,512,512,512,512,1,1,1,1,48,196608,0,1,1,0.047280,7.402627,0.431166,7.881073
oblique,4096,instanced,512,512,512,512,1,1,1,1,48,196608,0,1,2,0.043294,6.717116,0.410405,7.170815
oblique,4096,instanced,512,512,512,512,1,1,1,1,48,196608,0,1,3,0.038267,6.737255,0.595979,7.371501
oblique,4096,instanced,512,512,512,512,1,1,1,1,48,196608,0,1,4,0.033079,7.487502,0.403927,7.924508
oblique,4096,instanced,512,512,512,512,1,1,1,1,48,196608,0,1,5,0.044396,6.960474,0.386391,7.391261
oblique,4096,instanced,512,512,512,512,1,1,1,1,48,196608,0,1,6,0.044696,6.918372,0.346792,7.309860
oblique,4096,instanced,512,512,512,512,1,1,1,1,48,196608,0,1,7,0.031527,6.900576,0.333092,7.265195
oblique,4096,instanced,512,512,512,512,1,1,1,1,48,196608,0,1,8,0.038107,6.749783,0.533958,7.321848
oblique,4096,instanced,512,512,512,512,1,1,1,1,48,196608,0,1,9,0.029774,7.219056,0.405478,7.654308
oblique,4096,instanced,512,512,512,512,1,1,1,1,48,196608,0,1,10,0.029924,7.394074,0.429084,7.853082
oblique,4096,instanced,512,512,512,512,1,1,1,1,48,196608,0,1,11,0.032267,6.969118,0.391318,7.392703
oblique,4096,instanced,512,512,512,512,1,1,1,1,48,196608,0,1,12,0.027721,6.967014,0.386641,7.381376
oblique,4096,instanced,512,512,512,512,1,1,1,1,48,196608,0,1,13,0.031016,6.918402,0.458196,7.407614
oblique,4096,instanced,512,512,512,512,1,1,1,1,48,196608,0,1,14,0.032368,7.007994,0.376255,7.416617
oblique,4096,instanced,512,512,512,512,1,1,1,1,48,196608,0,1,15,0.056624,6.876801,0.578554,7.511979
oblique,4096,instanced,512,512,512,512,1,1,1,1,48,196608,0,1,16,0.036774,7.035706,0.395434,7.467914
oblique,4096,instanced,512,512,512,512,1,1,1,1,48,196608,0,1,17,0.044045,7.066230,0.488131,7.598406
oblique,4096,instanced,512,512,512,512,1,1,1,1,48,196608,0,1,18,0.030876,7.265244,0.451116,7.747236
oblique,4096,instanced,512,512,512,512,1,1,1,1,48,196608,0,1,19,0.030695,7.003458,0.422143,7.456296
oblique,4096,instanced,512,512,512,512,1,1,1,1,48,196608,0,1,20,0.029323,6.866486,0.407621,7.303430
oblique,4096,instanced,512,512,512,512,1,1,1,1,48,196608,0,1,21,1.711476,7.183263,0.417967,9.312706
oblique,4096,instanced,512,512,512,512,1,1,1,1,48,196608,0,1,22,0.031767,7.259245,0.436264,7.727276
oblique,4096,instanced,512,512,512,512,1,1,1,1,48,196608,0,1,23,0.030345,8.020329,0.400922,8.451596
oblique,4096,instanced,512,512,512,512,1,1,1,1,48,196608,0,1,24,0.039157,7.023959,0.428893,7.492009
oblique,4096,instanced,512,512,512,512,1,1,1,1,48,196608,0,1,25,0.037886,6.696274,0.410216,7.144376
oblique,4096,instanced,512,512,512,512,1,1,1,1,48,196608,0,1,26,0.037736,7.424759,0.501571,7.964066
oblique,4096,instanced,512,512,512,512,1,1,1,1,48,196608,0,1,27,0.032097,7.709821,0.001722,7.743640
oblique,4096,instanced,512,512,512,512,1,1,1,1,48,196608,0,1,28,0.032708,7.280517,0.452688,7.765913
oblique,4096,instanced,512,512,512,512,1,1,1,1,48,196608,0,1,29,0.031136,7.006562,0.408964,7.446662
oblique,4096,individual,512,512,512,512,4096,1,1,1,48,196608,0,1,0,0.242538,8.170110,0.518145,8.930793
oblique,4096,individual,512,512,512,512,4096,1,1,1,48,196608,0,1,1,0.246814,8.301063,0.478306,9.026183
oblique,4096,individual,512,512,512,512,4096,1,1,1,48,196608,0,1,2,0.245823,8.194106,0.480109,8.920038
oblique,4096,individual,512,512,512,512,4096,1,1,1,48,196608,0,1,3,0.244001,7.786914,0.431197,8.462112
oblique,4096,individual,512,512,512,512,4096,1,1,1,48,196608,0,1,4,0.277309,7.764261,0.447301,8.488871
oblique,4096,individual,512,512,512,512,4096,1,1,1,48,196608,0,1,5,0.315916,8.138023,0.567548,9.021487
oblique,4096,individual,512,512,512,512,4096,1,1,1,48,196608,0,1,6,0.397917,8.282676,0.459518,9.140111
oblique,4096,individual,512,512,512,512,4096,1,1,1,48,196608,0,1,7,0.246274,7.858961,0.428071,8.533306
oblique,4096,individual,512,512,512,512,4096,1,1,1,48,196608,0,1,8,0.320553,8.191982,0.432339,8.944874
oblique,4096,individual,512,512,512,512,4096,1,1,1,48,196608,0,1,9,0.243559,8.379319,0.430626,9.053504
oblique,4096,individual,512,512,512,512,4096,1,1,1,48,196608,0,1,10,0.297269,8.052477,0.547878,8.897624
oblique,4096,individual,512,512,512,512,4096,1,1,1,48,196608,0,1,11,0.249349,7.897112,0.431667,8.578128
oblique,4096,individual,512,512,512,512,4096,1,1,1,48,196608,0,1,12,0.258101,7.950065,0.408883,8.617049
oblique,4096,individual,512,512,512,512,4096,1,1,1,48,196608,0,1,13,0.254265,7.859132,0.420641,8.534038
oblique,4096,individual,512,512,512,512,4096,1,1,1,48,196608,0,1,14,0.263709,7.510887,0.364438,8.139034
oblique,4096,individual,512,512,512,512,4096,1,1,1,48,196608,0,1,15,0.312181,9.032849,0.601998,9.947028
oblique,4096,individual,512,512,512,512,4096,1,1,1,48,196608,0,1,16,0.375193,8.607787,0.687534,9.670514
oblique,4096,individual,512,512,512,512,4096,1,1,1,48,196608,0,1,17,0.296758,7.939240,0.488321,8.724319
oblique,4096,individual,512,512,512,512,4096,1,1,1,48,196608,0,1,18,0.254005,8.049011,0.431657,8.734673
oblique,4096,individual,512,512,512,512,4096,1,1,1,48,196608,0,1,19,0.270329,7.886111,0.405368,8.561808
oblique,4096,individual,512,512,512,512,4096,1,1,1,48,196608,0,1,20,0.284680,8.072165,0.470775,8.827620
oblique,4096,individual,512,512,512,512,4096,1,1,1,48,196608,0,1,21,0.309688,7.766564,0.406149,8.482401
oblique,4096,individual,512,512,512,512,4096,1,1,1,48,196608,0,1,22,0.289548,7.711072,0.568194,8.568814
oblique,4096,individual,512,512,512,512,4096,1,1,1,48,196608,0,1,23,0.317088,12.148768,0.569811,13.035667
oblique,4096,individual,512,512,512,512,4096,1,1,1,48,196608,0,1,24,0.269748,7.666657,0.357648,8.294053
oblique,4096,individual,512,512,512,512,4096,1,1,1,48,196608,0,1,25,0.276538,7.648691,0.405198,8.330427
oblique,4096,individual,512,512,512,512,4096,1,1,1,48,196608,0,1,26,0.249999,7.591045,0.386480,8.227524
oblique,4096,individual,512,512,512,512,4096,1,1,1,48,196608,0,1,27,0.330918,8.091474,0.418107,8.840499
oblique,4096,individual,512,512,512,512,4096,1,1,1,48,196608,0,1,28,0.250710,8.251680,0.500399,9.002789
oblique,4096,individual,512,512,512,512,4096,1,1,1,48,196608,0,1,29,0.449373,8.458055,0.503103,9.410531
oblique,4096,individual,512,512,512,512,4096,1,1,1,48,196608,0,2,0,0.255988,8.049842,0.429935,8.735765
oblique,4096,individual,512,512,512,512,4096,1,1,1,48,196608,0,2,1,0.263870,7.786324,0.473228,8.523422
oblique,4096,individual,512,512,512,512,4096,1,1,1,48,196608,0,2,2,0.247646,8.038285,0.478527,8.764458
oblique,4096,individual,512,512,512,512,4096,1,1,1,48,196608,0,2,3,0.252072,9.186380,0.611422,10.049874
oblique,4096,individual,512,512,512,512,4096,1,1,1,48,196608,0,2,4,0.285872,8.403735,0.452939,9.142546
oblique,4096,individual,512,512,512,512,4096,1,1,1,48,196608,0,2,5,0.272743,8.529120,0.420240,9.222103
oblique,4096,individual,512,512,512,512,4096,1,1,1,48,196608,0,2,6,0.271251,7.905369,0.457145,8.633765
oblique,4096,individual,512,512,512,512,4096,1,1,1,48,196608,0,2,7,0.269798,8.240645,0.467500,8.977943
oblique,4096,individual,512,512,512,512,4096,1,1,1,48,196608,0,2,8,0.286433,8.035020,1.454017,9.775470
oblique,4096,individual,512,512,512,512,4096,1,1,1,48,196608,0,2,9,0.351949,8.103552,0.376756,8.832257
oblique,4096,individual,512,512,512,512,4096,1,1,1,48,196608,0,2,10,0.288916,7.959149,0.419920,8.667985
oblique,4096,individual,512,512,512,512,4096,1,1,1,48,196608,0,2,11,0.263789,8.363696,0.428463,9.055948
oblique,4096,individual,512,512,512,512,4096,1,1,1,48,196608,0,2,12,0.247195,7.791150,0.397867,8.436212
oblique,4096,individual,512,512,512,512,4096,1,1,1,48,196608,0,2,13,0.261045,7.588562,0.413800,8.263407
oblique,4096,individual,512,512,512,512,4096,1,1,1,48,196608,0,2,14,0.243149,7.846672,0.436444,8.526265
oblique,4096,individual,512,512,512,512,4096,1,1,1,48,196608,0,2,15,0.313733,9.835699,0.509412,10.658844
oblique,4096,individual,512,512,512,512,4096,1,1,1,48,196608,0,2,16,0.341784,8.990577,0.574798,9.907159
oblique,4096,individual,512,512,512,512,4096,1,1,1,48,196608,0,2,17,0.289427,8.177001,0.449113,8.915541
oblique,4096,individual,512,512,512,512,4096,1,1,1,48,196608,0,2,18,0.285932,8.156550,0.447120,8.889602
oblique,4096,individual,512,512,512,512,4096,1,1,1,48,196608,0,2,19,0.270369,8.146475,0.454822,8.871666
oblique,4096,individual,512,512,512,512,4096,1,1,1,48,196608,0,2,20,0.275206,8.216929,0.426840,8.918975
oblique,4096,individual,512,512,512,512,4096,1,1,1,48,196608,0,2,21,0.357949,8.669427,0.479347,9.506723
oblique,4096,individual,512,512,512,512,4096,1,1,1,48,196608,0,2,22,0.256879,7.809918,0.395925,8.462722
oblique,4096,individual,512,512,512,512,4096,1,1,1,48,196608,0,2,23,0.275347,8.127998,0.594007,8.997352
oblique,4096,individual,512,512,512,512,4096,1,1,1,48,196608,0,2,24,0.288696,7.493582,0.360863,8.143141
oblique,4096,individual,512,512,512,512,4096,1,1,1,48,196608,0,2,25,0.246764,7.554642,0.444476,8.245882
oblique,4096,individual,512,512,512,512,4096,1,1,1,48,196608,0,2,26,0.321034,7.884569,0.442273,8.647876
oblique,4096,individual,512,512,512,512,4096,1,1,1,48,196608,0,2,27,0.273313,7.603204,0.437185,8.313702
oblique,4096,individual,512,512,512,512,4096,1,1,1,48,196608,0,2,28,0.254405,7.941463,0.456324,8.652192
oblique,4096,individual,512,512,512,512,4096,1,1,1,48,196608,0,2,29,0.276619,9.505641,0.475061,10.257321
oblique,4096,instanced,512,512,512,512,1,1,1,1,48,196608,0,2,0,0.033720,7.046091,0.391397,7.471208
oblique,4096,instanced,512,512,512,512,1,1,1,1,48,196608,0,2,1,0.028752,7.037268,0.435733,7.501753
oblique,4096,instanced,512,512,512,512,1,1,1,1,48,196608,0,2,2,0.026389,7.161141,0.425568,7.613098
oblique,4096,instanced,512,512,512,512,1,1,1,1,48,196608,0,2,3,0.034561,7.233177,0.464846,7.732584
oblique,4096,instanced,512,512,512,512,1,1,1,1,48,196608,0,2,4,0.033069,7.105258,0.400642,7.538969
oblique,4096,instanced,512,512,512,512,1,1,1,1,48,196608,0,2,5,0.056644,7.203503,0.399480,7.659627
oblique,4096,instanced,512,512,512,512,1,1,1,1,48,196608,0,2,6,0.034942,7.223412,0.432268,7.690622
oblique,4096,instanced,512,512,512,512,1,1,1,1,48,196608,0,2,7,0.038807,7.223583,0.431797,7.694187
oblique,4096,instanced,512,512,512,512,1,1,1,1,48,196608,0,2,8,0.039619,7.185506,0.447441,7.672566
oblique,4096,instanced,512,512,512,512,1,1,1,1,48,196608,0,2,9,0.038176,7.949554,0.360993,8.348723
oblique,4096,instanced,512,512,512,512,1,1,1,1,48,196608,0,2,10,0.054911,6.792987,0.357548,7.205446
oblique,4096,instanced,512,512,512,512,1,1,1,1,48,196608,0,2,11,0.038206,7.233577,0.387122,7.658905
oblique,4096,instanced,512,512,512,512,1,1,1,1,48,196608,0,2,12,0.059768,6.996708,0.374653,7.431129
oblique,4096,instanced,512,512,512,512,1,1,1,1,48,196608,0,2,13,0.037665,6.968647,0.352901,7.359213
oblique,4096,instanced,512,512,512,512,1,1,1,1,48,196608,0,2,14,0.035432,7.330141,0.397326,7.762899
oblique,4096,instanced,512,512,512,512,1,1,1,1,48,196608,0,2,15,0.042272,7.351262,0.399179,7.792713
oblique,4096,instanced,512,512,512,512,1,1,1,1,48,196608,0,2,16,0.043053,7.563825,0.432999,8.039877
oblique,4096,instanced,512,512,512,512,1,1,1,1,48,196608,0,2,17,0.039668,7.119289,0.406110,7.565067
oblique,4096,instanced,512,512,512,512,1,1,1,1,48,196608,0,2,18,0.038347,7.184335,0.406279,7.628961
oblique,4096,instanced,512,512,512,512,1,1,1,1,48,196608,0,2,19,0.034921,6.990529,0.433880,7.459330
oblique,4096,instanced,512,512,512,512,1,1,1,1,48,196608,0,2,20,0.034681,7.005751,0.438578,7.479010
oblique,4096,instanced,512,512,512,512,1,1,1,1,48,196608,0,2,21,0.038967,6.924111,0.422704,7.385782
oblique,4096,instanced,512,512,512,512,1,1,1,1,48,196608,0,2,22,0.052948,7.239276,0.375174,7.667398
oblique,4096,instanced,512,512,512,512,1,1,1,1,48,196608,0,2,23,0.038697,7.016136,0.392299,7.447132
oblique,4096,instanced,512,512,512,512,1,1,1,1,48,196608,0,2,24,0.038998,7.051979,0.404307,7.495284
oblique,4096,instanced,512,512,512,512,1,1,1,1,48,196608,0,2,25,0.034240,7.163545,0.438127,7.635912
oblique,4096,instanced,512,512,512,512,1,1,1,1,48,196608,0,2,26,0.045237,7.124857,0.368564,7.538658
oblique,4096,instanced,512,512,512,512,1,1,1,1,48,196608,0,2,27,0.038987,6.871233,0.409244,7.319464
oblique,4096,instanced,512,512,512,512,1,1,1,1,48,196608,0,2,28,0.033289,7.136164,0.372330,7.541783
oblique,4096,instanced,512,512,512,512,1,1,1,1,48,196608,0,2,29,0.043414,6.994976,0.461200,7.499590
overhead,1,individual,512,512,512,512,1,1,1,1,48,196608,0,0,0,0.024596,0.413080,0.421642,0.859318
overhead,1,individual,512,512,512,512,1,1,1,1,48,196608,0,0,1,0.025538,0.402083,0.399610,0.827231
overhead,1,individual,512,512,512,512,1,1,1,1,48,196608,0,0,2,0.027050,0.366942,0.425127,0.819119
overhead,1,individual,512,512,512,512,1,1,1,1,48,196608,0,0,3,0.023315,0.386851,0.410145,0.820311
overhead,1,individual,512,512,512,512,1,1,1,1,48,196608,0,0,4,0.023975,0.386411,0.410095,0.820481
overhead,1,individual,512,512,512,512,1,1,1,1,48,196608,0,0,5,0.023485,0.415794,0.449644,0.888923
overhead,1,individual,512,512,512,512,1,1,1,1,48,196608,0,0,6,0.024586,0.395153,0.410867,0.830606
overhead,1,individual,512,512,512,512,1,1,1,1,48,196608,0,0,7,0.019369,0.292281,0.407853,0.719503
overhead,1,individual,512,512,512,512,1,1,1,1,48,196608,0,0,8,0.018828,0.321394,0.459709,0.799931
overhead,1,individual,512,512,512,512,1,1,1,1,48,196608,0,0,9,0.020240,0.578294,0.350106,0.948640
overhead,1,individual,512,512,512,512,1,1,1,1,48,196608,0,0,10,0.020480,0.312922,0.412990,0.746392
overhead,1,individual,512,512,512,512,1,1,1,1,48,196608,0,0,11,0.018187,0.390266,0.423115,0.831568
overhead,1,individual,512,512,512,512,1,1,1,1,48,196608,0,0,12,0.020641,0.361043,0.429764,0.811448
overhead,1,individual,512,512,512,512,1,1,1,1,48,196608,0,0,13,0.017806,0.338160,0.436253,0.792219
overhead,1,individual,512,512,512,512,1,1,1,1,48,196608,0,0,14,0.018717,0.318831,0.388964,0.726512
overhead,1,individual,512,512,512,512,1,1,1,1,48,196608,0,0,15,0.017256,0.340923,0.390136,0.748315
overhead,1,individual,512,512,512,512,1,1,1,1,48,196608,0,0,16,0.015713,0.401343,0.374463,0.791519
overhead,1,individual,512,512,512,512,1,1,1,1,48,196608,0,0,17,0.020060,0.371829,0.419509,0.811398
overhead,1,individual,512,512,512,512,1,1,1,1,48,196608,0,0,18,0.018778,0.362114,0.426269,0.807161
overhead,1,individual,512,512,512,512,1,1,1,1,48,196608,0,0,19,0.016885,0.414442,0.423715,0.855042
overhead,1,individual,512,512,512,512,1,1,1,1,48,196608,0,0,20,0.019539,0.362054,0.363948,0.745541
overhead,1,individual,512,512,512,512,1,1,1,1,48,196608,0,0,21,0.020650,0.368043,0.401924,0.790617
overhead,1,individual,512,512,512,512,1,1,1,1,48,196608,0,0,22,0.019558,0.322066,0.419479,0.761103
overhead,1,individual,512,512,512,512,1,1,1,1,48,196608,0,0,23,0.017996,0.339201,0.399099,0.756296
overhead,1,individual,512,512,512,512,1,1,1,1,48,196608,0,0,24,0.020750,0.349696,0.376747,0.747193
overhead,1,individual,512,512,512,512,1,1,1,1,48,196608,0,0,25,0.017055,0.344668,0.447511,0.809234
overhead,1,individual,512,512,512,512,1,1,1,1,48,196608,0,0,26,0.019589,0.361573,0.381273,0.762435
overhead,1,individual,512,512,512,512,1,1,1,1,48,196608,0,0,27,0.019238,0.307745,0.433129,0.760112
overhead,1,individual,512,512,512,512,1,1,1,1,48,196608,0,0,28,0.026810,0.419720,0.411798,0.858328
overhead,1,individual,512,512,512,512,1,1,1,1,48,196608,0,0,29,0.024065,0.365480,0.412488,0.802033
overhead,1,instanced,512,512,512,512,1,1,1,1,48,196608,0,0,0,0.023755,0.344909,0.394963,0.763627
overhead,1,instanced,512,512,512,512,1,1,1,1,48,196608,0,0,1,0.022884,0.408704,0.405007,0.836595
overhead,1,instanced,512,512,512,512,1,1,1,1,48,196608,0,0,2,0.023174,0.408573,0.422023,0.853770
overhead,1,instanced,512,512,512,512,1,1,1,1,48,196608,0,0,3,0.023474,0.407532,0.374523,0.805529
overhead,1,instanced,512,512,512,512,1,1,1,1,48,196608,0,0,4,0.025558,0.349966,0.408063,0.783587
overhead,1,instanced,512,512,512,512,1,1,1,1,48,196608,0,0,5,0.021842,0.362766,0.379470,0.764078
overhead,1,instanced,512,512,512,512,1,1,1,1,48,196608,0,0,6,0.022923,0.388274,0.387382,0.798579
overhead,1,instanced,512,512,512,512,1,1,1,1,48,196608,0,0,7,0.021883,0.506027,0.387862,0.915772
overhead,1,instanced,512,512,512,512,1,1,1,1,48,196608,0,0,8,0.023155,0.401983,0.428322,0.853460
overhead,1,instanced,512,512,512,512,1,1,1,1,48,196608,0,0,9,0.022163,0.410216,0.416404,0.848783
overhead,1,instanced,512,512,512,512,1,1,1,1,48,196608,0,0,10,0.023855,0.376185,0.418969,0.819009
overhead,1,instanced,512,512,512,512,1,1,1,1,48,196608,0,0,11,0.022283,0.367022,0.421923,0.811228
overhead,1,instanced,512,512,512,512,1,1,1,1,48,196608,0,0,12,0.024205,0.391438,0.399129,0.814772
overhead,1,instanced,512,512,512,512,1,1,1,1,48,196608,0,0,13,0.026529,0.409154,0.399740,0.835423
overhead,1,instanced,512,512,512,512,1,1,1,1,48,196608,0,0,14,0.022894,0.418277,0.405979,0.847150
overhead,1,instanced,512,512,512,512,1,1,1,1,48,196608,0,0,15,0.021662,0.362154,0.409284,0.793100
overhead,1,instanced,512,512,512,512,1,1,1,1,48,196608,0,0,16,0.022873,0.387402,0.465798,0.876073
overhead,1,instanced,512,512,512,512,1,1,1,1,48,196608,0,0,17,0.022463,0.379921,0.419149,0.821533
overhead,1,instanced,512,512,512,512,1,1,1,1,48,196608,0,0,18,0.024676,0.376946,0.381584,0.783206
overhead,1,instanced,512,512,512,512,1,1,1,1,48,196608,0,0,19,0.025097,0.388954,0.384317,0.798368
overhead,1,instanced,512,512,512,512,1,1,1,1,48,196608,0,0,20,0.022493,0.391799,0.403946,0.818238
overhead,1,instanced,512,512,512,512,1,1,1,1,48,196608,0,0,21,0.026520,0.396255,0.423725,0.846500
overhead,1,instanced,512,512,512,512,1,1,1,1,48,196608,0,0,22,0.024416,0.422544,0.419069,0.866029
overhead,1,instanced,512,512,512,512,1,1,1,1,48,196608,0,0,23,0.175048,0.367112,0.399299,0.941459
overhead,1,instanced,512,512,512,512,1,1,1,1,48,196608,0,0,24,0.019689,0.340162,0.377878,0.737729
overhead,1,instanced,512,512,512,512,1,1,1,1,48,196608,0,0,25,0.018758,0.370617,0.561499,0.950874
overhead,1,instanced,512,512,512,512,1,1,1,1,48,196608,0,0,26,0.021232,0.424116,0.422003,0.867351
overhead,1,instanced,512,512,512,512,1,1,1,1,48,196608,0,0,27,0.018768,0.401963,0.390377,0.811108
overhead,1,instanced,512,512,512,512,1,1,1,1,48,196608,0,0,28,0.019248,0.335405,0.399620,0.754273
overhead,1,instanced,512,512,512,512,1,1,1,1,48,196608,0,0,29,0.020711,0.359711,0.423816,0.804238
overhead,1,instanced,512,512,512,512,1,1,1,1,48,196608,0,1,0,0.024947,0.405428,0.382254,0.812629
overhead,1,instanced,512,512,512,512,1,1,1,1,48,196608,0,1,1,0.024957,0.369655,0.400862,0.795474
overhead,1,instanced,512,512,512,512,1,1,1,1,48,196608,0,1,2,0.023595,0.364267,0.371118,0.758980
overhead,1,instanced,512,512,512,512,1,1,1,1,48,196608,0,1,3,0.026028,0.440380,0.371779,0.838187
overhead,1,instanced,512,512,512,512,1,1,1,1,48,196608,0,1,4,0.020771,0.521209,0.358860,0.900840
overhead,1,instanced,512,512,512,512,1,1,1,1,48,196608,0,1,5,0.024086,0.419519,0.356726,0.800331
overhead,1,instanced,512,512,512,512,1,1,1,1,48,196608,0,1,6,0.023034,0.479378,0.376045,0.878457
overhead,1,instanced,512,512,512,512,1,1,1,1,48,196608,0,1,7,0.024416,0.365569,0.398759,0.788744
overhead,1,instanced,512,512,512,512,1,1,1,1,48,196608,0,1,8,0.022924,0.374102,0.389515,0.786541
overhead,1,instanced,512,512,512,512,1,1,1,1,48,196608,0,1,9,0.027911,0.353963,0.441191,0.823065
overhead,1,instanced,512,512,512,512,1,1,1,1,48,196608,0,1,10,0.022203,0.397036,0.351509,0.770748
overhead,1,instanced,512,512,512,512,1,1,1,1,48,196608,0,1,11,0.026239,0.488441,0.384397,0.899077
overhead,1,instanced,512,512,512,512,1,1,1,1,48,196608,0,1,12,0.024166,0.400792,0.394512,0.819470
overhead,1,instanced,512,512,512,512,1,1,1,1,48,196608,0,1,13,0.022112,0.388925,0.376135,0.787172
overhead,1,instanced,512,512,512,512,1,1,1,1,48,196608,0,1,14,0.030805,0.357708,0.371539,0.760052
overhead,1,instanced,512,512,512,512,1,1,1,1,48,196608,0,1,15,0.020680,0.387913,0.363827,0.772420
overhead,1,instanced,512,512,512,512,1,1,1,1,48,196608,0,1,16,0.022573,0.453269,0.381503,0.857345
overhead,1,instanced,512,512,512,512,1,1,1,1,48,196608,0,1,17,0.020711,0.343186,0.346201,0.710098
overhead,1,instanced,512,512,512,512,1,1,1,1,48,196608,0,1,18,0.024436,0.394492,0.401422,0.820350
overhead,1,instanced,512,512,512,512,1,1,1,1,48,196608,0,1,19,0.021432,0.526106,0.434051,0.981589
overhead,1,instanced,512,512,512,512,1,1,1,1,48,196608,0,1,20,0.023465,0.403846,0.332611,0.759922
overhead,1,instanced,512,512,512,512,1,1,1,1,48,196608,0,1,21,0.021411,0.397998,0.368844,0.788253
overhead,1,instanced,512,512,512,512,1,1,1,1,48,196608,0,1,22,0.021512,0.349436,0.391057,0.762005
overhead,1,instanced,512,512,512,512,1,1,1,1,48,196608,0,1,23,0.020430,0.349896,0.355475,0.725801
overhead,1,instanced,512,512,512,512,1,1,1,1,48,196608,0,1,24,0.036003,0.373451,0.337769,0.747223
overhead,1,instanced,512,512,512,512,1,1,1,1,48,196608,0,1,25,0.028942,0.413591,0.369235,0.811768
overhead,1,instanced,512,512,512,512,1,1,1,1,48,196608,0,1,26,0.021392,0.377407,0.384037,0.782836
overhead,1,instanced,512,512,512,512,1,1,1,1,48,196608,0,1,27,0.021282,0.385068,0.390967,0.797317
overhead,1,instanced,512,512,512,512,1,1,1,1,48,196608,0,1,28,0.021532,0.573096,0.383857,0.978485
overhead,1,instanced,512,512,512,512,1,1,1,1,48,196608,0,1,29,0.022353,0.416544,0.384348,0.823245
overhead,1,individual,512,512,512,512,1,1,1,1,48,196608,0,1,0,0.021161,0.298290,0.433150,0.752601
overhead,1,individual,512,512,512,512,1,1,1,1,48,196608,0,1,1,0.020760,0.328485,0.397187,0.746432
overhead,1,individual,512,512,512,512,1,1,1,1,48,196608,0,1,2,0.019839,0.345911,0.407491,0.773241
overhead,1,individual,512,512,512,512,1,1,1,1,48,196608,0,1,3,0.021332,0.407291,0.363677,0.792300
overhead,1,individual,512,512,512,512,1,1,1,1,48,196608,0,1,4,0.019829,0.391598,0.367944,0.779371
overhead,1,individual,512,512,512,512,1,1,1,1,48,196608,0,1,5,0.021652,0.377016,0.368083,0.766751
overhead,1,individual,512,512,512,512,1,1,1,1,48,196608,0,1,6,0.020230,0.393250,0.395194,0.808674
overhead,1,individual,512,512,512,512,1,1,1,1,48,196608,0,1,7,0.031366,0.404557,0.412489,0.848412
overhead,1,individual,512,512,512,512,1,1,1,1,48,196608,0,1,8,0.021412,0.698130,0.001683,0.721225
overhead,1,individual,512,512,512,512,1,1,1,1,48,196608,0,1,9,0.021842,0.387252,0.382314,0.791408
overhead,1,individual,512,512,512,512,1,1,1,1,48,196608,0,1,10,0.021862,0.820141,0.425668,1.267671
overhead,1,individual,512,512,512,512,1,1,1,1,48,196608,0,1,11,0.023725,0.429725,0.376205,0.829655
overhead,1,individual,512,512,512,512,1,1,1,1,48,196608,0,1,12,0.033530,0.377226,0.431988,0.842744
overhead,1,individual,512,512,512,512,1,1,1,1,48,196608,0,1,13,0.021672,0.392650,0.382114,0.796436
overhead,1,individual,512,512,512,512,1,1,1,1,48,196608,0,1,14,0.023164,0.406991,0.425958,0.856113
overhead,1,individual,512,512,512,512,1,1,1,1,48,196608,0,1,15,0.024346,0.337848,0.456614,0.818808
overhead,1,individual,512,512,512,512,1,1,1,1,48,196608,0,1,16,0.021162,0.403315,0.387912,0.812389
overhead,1,individual,512,512,512,512,1,1,1,1,48,196608,0,1,17,0.026849,0.412039,0.405268,0.844156
overhead,1,individual,512,512,512,512,1,1,1,1,48,196608,0,1,18,0.021703,0.376085,0.376676,0.774464
overhead,1,individual,512,512,512,512,1,1,1,1,48,196608,0,1,19,0.033439,0.372490,0.385769,0.791698
overhead,1,individual,512,512,512,512,1,1,1,1,48,196608,0,1,20,0.035722,0.380923,0.385469,0.802114
overhead,1,individual,512,512,512,512,1,1,1,1,48,196608,0,1,21,0.021622,0.392690,0.373582,0.787894
overhead,1,individual,512,512,512,512,1,1,1,1,48,196608,0,1,22,0.044716,0.366942,0.365259,0.776917
overhead,1,individual,512,512,512,512,1,1,1,1,48,196608,0,1,23,0.035463,0.404997,0.383486,0.823946
overhead,1,individual,512,512,512,512,1,1,1,1,48,196608,0,1,24,0.024426,0.712051,0.056253,0.792730
overhead,1,individual,512,512,512,512,1,1,1,1,48,196608,0,1,25,0.022202,0.390086,0.397547,0.809835
overhead,1,individual,512,512,512,512,1,1,1,1,48,196608,0,1,26,0.023444,0.370067,0.376595,0.770106
overhead,1,individual,512,512,512,512,1,1,1,1,48,196608,0,1,27,0.030836,0.440270,0.374603,0.845709
overhead,1,individual,512,512,512,512,1,1,1,1,48,196608,0,1,28,0.032809,0.410726,0.364138,0.807673
overhead,1,individual,512,512,512,512,1,1,1,1,48,196608,0,1,29,0.031006,0.455382,0.406300,0.892688
overhead,1,individual,512,512,512,512,1,1,1,1,48,196608,0,2,0,0.032658,0.376336,0.407161,0.816155
overhead,1,individual,512,512,512,512,1,1,1,1,48,196608,0,2,1,0.039128,0.388073,0.421512,0.848713
overhead,1,individual,512,512,512,512,1,1,1,1,48,196608,0,2,2,0.021863,0.380461,0.407532,0.809856
overhead,1,individual,512,512,512,512,1,1,1,1,48,196608,0,2,3,0.021381,0.441412,0.390156,0.852949
overhead,1,individual,512,512,512,512,1,1,1,1,48,196608,0,2,4,0.032328,0.339661,0.443384,0.815373
overhead,1,individual,512,512,512,512,1,1,1,1,48,196608,0,2,5,0.022323,0.360482,0.459779,0.842584
overhead,1,individual,512,512,512,512,1,1,1,1,48,196608,0,2,6,0.022523,0.358629,0.408493,0.789645
overhead,1,individual,512,512,512,512,1,1,1,1,48,196608,0,2,7,0.020871,0.363967,0.461091,0.845929
overhead,1,individual,512,512,512,512,1,1,1,1,48,196608,0,2,8,0.024556,0.392650,0.377257,0.794463
overhead,1,individual,512,512,512,512,1,1,1,1,48,196608,0,2,9,0.030836,0.403135,0.354864,0.788835
overhead,1,individual,512,512,512,512,1,1,1,1,48,196608,0,2,10,0.031837,0.388984,0.411197,0.832018
overhead,1,individual,512,512,512,512,1,1,1,1,48,196608,0,2,11,0.022122,0.386371,0.416254,0.824747
overhead,1,individual,512,512,512,512,1,1,1,1,48,196608,0,2,12,0.021432,0.387592,0.407712,0.816736
overhead,1,individual,512,512,512,512,1,1,1,1,48,196608,0,2,13,0.032458,0.401363,0.377216,0.811037
overhead,1,individual,512,512,512,512,1,1,1,1,48,196608,0,2,14,0.020881,0.434751,0.397637,0.853269
overhead,1,individual,512,512,512,512,1,1,1,1,48,196608,0,2,15,0.023555,0.416374,0.413901,0.853830
overhead,1,individual,512,512,512,512,1,1,1,1,48,196608,0,2,16,0.022013,0.380562,0.449203,0.851778
overhead,1,individual,512,512,512,512,1,1,1,1,48,196608,0,2,17,0.024356,0.413891,0.439268,0.877515
overhead,1,individual,512,512,512,512,1,1,1,1,48,196608,0,2,18,0.025969,0.361093,0.430856,0.817918
overhead,1,individual,512,512,512,512,1,1,1,1,48,196608,0,2,19,0.021662,0.316437,0.410676,0.748775
overhead,1,individual,512,512,512,512,1,1,1,1,48,196608,0,2,20,0.020691,0.378609,0.388523,0.787823
overhead,1,individual,512,512,512,512,1,1,1,1,48,196608,0,2,21,0.022313,0.384587,0.375204,0.782104
overhead,1,individual,512,512,512,512,1,1,1,1,48,196608,0,2,22,0.022534,0.382875,0.399720,0.805129
overhead,1,individual,512,512,512,512,1,1,1,1,48,196608,0,2,23,0.031937,0.373982,0.416405,0.822324
overhead,1,individual,512,512,512,512,1,1,1,1,48,196608,0,2,24,0.023185,0.402584,0.376936,0.802705
overhead,1,individual,512,512,512,512,1,1,1,1,48,196608,0,2,25,0.023174,0.370377,0.382785,0.776336
overhead,1,individual,512,512,512,512,1,1,1,1,48,196608,0,2,26,0.023405,0.411988,0.397366,0.832759
overhead,1,individual,512,512,512,512,1,1,1,1,48,196608,0,2,27,0.022103,0.467510,0.365890,0.855503
overhead,1,individual,512,512,512,512,1,1,1,1,48,196608,0,2,28,0.023384,0.401773,0.388664,0.813821
overhead,1,individual,512,512,512,512,1,1,1,1,48,196608,0,2,29,0.029744,0.375083,0.400752,0.805579
overhead,1,instanced,512,512,512,512,1,1,1,1,48,196608,0,2,0,0.016685,0.373391,0.354563,0.744639
overhead,1,instanced,512,512,512,512,1,1,1,1,48,196608,0,2,1,0.017206,2.528142,0.350377,2.895725
overhead,1,instanced,512,512,512,512,1,1,1,1,48,196608,0,2,2,0.020830,0.333062,0.386801,0.740693
overhead,1,instanced,512,512,512,512,1,1,1,1,48,196608,0,2,3,0.017776,0.319452,0.349245,0.686473
overhead,1,instanced,512,512,512,512,1,1,1,1,48,196608,0,2,4,0.017295,0.340894,0.350527,0.708716
overhead,1,instanced,512,512,512,512,1,1,1,1,48,196608,0,2,5,0.017346,0.305781,0.384683,0.707810
overhead,1,instanced,512,512,512,512,1,1,1,1,48,196608,0,2,6,0.023755,0.459709,0.394362,0.877826
overhead,1,instanced,512,512,512,512,1,1,1,1,48,196608,0,2,7,0.021141,0.324449,0.363497,0.709087
overhead,1,instanced,512,512,512,512,1,1,1,1,48,196608,0,2,8,0.017566,0.350617,0.376616,0.744799
overhead,1,instanced,512,512,512,512,1,1,1,1,48,196608,0,2,9,0.017916,0.365610,0.355885,0.739411
overhead,1,instanced,512,512,512,512,1,1,1,1,48,196608,0,2,10,0.018116,0.517634,0.375825,0.911575
overhead,1,instanced,512,512,512,512,1,1,1,1,48,196608,0,2,11,0.020049,0.312672,0.401452,0.734173
overhead,1,instanced,512,512,512,512,1,1,1,1,48,196608,0,2,12,0.019118,0.367402,0.336257,0.722777
overhead,1,instanced,512,512,512,512,1,1,1,1,48,196608,0,2,13,0.018588,0.532536,0.370346,0.921470
overhead,1,instanced,512,512,512,512,1,1,1,1,48,196608,0,2,14,0.020441,0.335134,0.571414,0.926989
overhead,1,instanced,512,512,512,512,1,1,1,1,48,196608,0,2,15,0.017706,0.723143,0.315826,1.056675
overhead,1,instanced,512,512,512,512,1,1,1,1,48,196608,0,2,16,0.027161,0.449603,0.326502,0.803266
overhead,1,instanced,512,512,512,512,1,1,1,1,48,196608,0,2,17,0.025057,0.349476,0.342245,0.716778
overhead,1,instanced,512,512,512,512,1,1,1,1,48,196608,0,2,18,0.024496,0.370036,0.316908,0.711440
overhead,1,instanced,512,512,512,512,1,1,1,1,48,196608,0,2,19,0.024135,0.346622,0.332511,0.703268
overhead,1,instanced,512,512,512,512,1,1,1,1,48,196608,0,2,20,0.022093,0.361614,0.307333,0.691040
overhead,1,instanced,512,512,512,512,1,1,1,1,48,196608,0,2,21,0.022934,0.341063,0.554419,0.918416
overhead,1,instanced,512,512,512,512,1,1,1,1,48,196608,0,2,22,0.022533,0.404097,0.341594,0.768224
overhead,1,instanced,512,512,512,512,1,1,1,1,48,196608,0,2,23,0.023725,0.370327,0.348164,0.742216
overhead,1,instanced,512,512,512,512,1,1,1,1,48,196608,0,2,24,0.021512,0.379780,0.317539,0.718831
overhead,1,instanced,512,512,512,512,1,1,1,1,48,196608,0,2,25,0.021822,0.361453,0.348655,0.731930
overhead,1,instanced,512,512,512,512,1,1,1,1,48,196608,0,2,26,0.021752,0.338630,0.430705,0.791087
overhead,1,instanced,512,512,512,512,1,1,1,1,48,196608,0,2,27,0.022704,0.356196,0.341113,0.720013
overhead,1,instanced,512,512,512,512,1,1,1,1,48,196608,0,2,28,0.021903,0.343647,0.375925,0.741475
overhead,1,instanced,512,512,512,512,1,1,1,1,48,196608,0,2,29,0.022864,0.534739,0.400401,0.958004
overhead,64,individual,512,512,512,512,64,1,1,1,48,196608,0,0,0,0.032017,0.473309,0.378579,0.883905
overhead,64,individual,512,512,512,512,64,1,1,1,48,196608,0,0,1,0.029674,0.468932,0.355105,0.853711
overhead,64,individual,512,512,512,512,64,1,1,1,48,196608,0,0,2,0.031537,0.521720,0.350798,0.904055
overhead,64,individual,512,512,512,512,64,1,1,1,48,196608,0,0,3,0.030415,0.485026,0.375314,0.890755
overhead,64,individual,512,512,512,512,64,1,1,1,48,196608,0,0,4,0.029303,0.478637,0.368264,0.876204
overhead,64,individual,512,512,512,512,64,1,1,1,48,196608,0,0,5,0.029954,0.489603,0.339581,0.859138
overhead,64,individual,512,512,512,512,64,1,1,1,48,196608,0,0,6,0.031146,0.546306,0.453179,1.030631
overhead,64,individual,512,512,512,512,64,1,1,1,48,196608,0,0,7,0.031297,0.461020,0.396986,0.889303
overhead,64,individual,512,512,512,512,64,1,1,1,48,196608,0,0,8,0.030876,0.476393,0.385770,0.893039
overhead,64,individual,512,512,512,512,64,1,1,1,48,196608,0,0,9,0.030986,0.467229,0.379310,0.877525
overhead,64,individual,512,512,512,512,64,1,1,1,48,196608,0,0,10,0.029865,0.471636,0.389094,0.890595
overhead,64,individual,512,512,512,512,64,1,1,1,48,196608,0,0,11,0.031296,0.458046,0.364158,0.853500
overhead,64,individual,512,512,512,512,64,1,1,1,48,196608,0,0,12,0.033530,0.479057,0.348865,0.861452
overhead,64,individual,512,512,512,512,64,1,1,1,48,196608,0,0,13,0.033850,0.503744,0.361643,0.899237
overhead,64,individual,512,512,512,512,64,1,1,1,48,196608,0,0,14,0.030024,0.495962,0.386621,0.912607
overhead,64,individual,512,512,512,512,64,1,1,1,48,196608,0,0,15,0.030575,0.545515,0.382074,0.958164
overhead,64,individual,512,512,512,512,64,1,1,1,48,196608,0,0,16,0.029093,0.462242,0.377468,0.868803
overhead,64,individual,512,512,512,512,64,1,1,1,48,196608,0,0,17,0.030726,0.461952,0.554939,1.047617
overhead,64,individual,512,512,512,512,64,1,1,1,48,196608,0,0,18,0.030024,0.476163,0.418528,0.924715
overhead,64,individual,512,512,512,512,64,1,1,1,48,196608,0,0,19,0.035192,0.498696,0.426299,0.960187
overhead,64,individual,512,512,512,512,64,1,1,1,48,196608,0,0,20,0.029473,0.509693,0.378298,0.917464
overhead,64,individual,512,512,512,512,64,1,1,1,48,196608,0,0,21,0.029483,0.467210,0.370487,0.867180
overhead,64,individual,512,512,512,512,64,1,1,1,48,196608,0,0,22,0.030715,0.476464,0.378478,0.885657
overhead,64,individual,512,512,512,512,64,1,1,1,48,196608,0,0,23,0.029324,0.481951,0.344218,0.855493
overhead,64,individual,512,512,512,512,64,1,1,1,48,196608,0,0,24,0.032428,0.504494,0.352060,0.888982
overhead,64,individual,512,512,512,512,64,1,1,1,48,196608,0,0,25,0.032437,0.528911,0.365810,0.927158
overhead,64,individual,512,512,512,512,64,1,1,1,48,196608,0,0,26,0.034100,0.484094,0.371649,0.889843
overhead,64,individual,512,512,512,512,64,1,1,1,48,196608,0,0,27,0.030124,0.512667,0.369806,0.912597
overhead,64,individual,512,512,512,512,64,1,1,1,48,196608,0,0,28,0.028302,0.498946,0.377337,0.904585
overhead,64,individual,512,512,512,512,64,1,1,1,48,196608,0,0,29,0.034681,0.485026,0.406901,0.926608
overhead,64,instanced,512,512,512,512,1,1,1,1,48,196608,0,0,0,0.025227,0.496663,0.404357,0.926247
overhead,64,instanced,512,512,512,512,1,1,1,1,48,196608,0,0,1,0.028242,0.537733,0.434011,0.999986
overhead,64,instanced,512,512,512,512,1,1,1,1,48,196608,0,0,2,0.026980,0.469784,0.518435,1.015199
overhead,64,instanced,512,512,512,512,1,1,1,1,48,196608,0,0,3,0.023946,0.548319,0.372911,0.945176
overhead,64,instanced,512,512,512,512,1,1,1,1,48,196608,0,0,4,0.025548,0.492827,0.390266,0.908641
overhead,64,instanced,512,512,512,512,1,1,1,1,48,196608,0,0,5,0.042853,0.504866,0.376225,0.923944
overhead,64,instanced,512,512,512,512,1,1,1,1,48,196608,0,0,6,0.026409,0.544383,0.371909,0.942701
overhead,64,instanced,512,512,512,512,1,1,1,1,48,196608,0,0,7,0.023275,0.507469,0.367172,0.897916
overhead,64,instanced,512,512,512,512,1,1,1,1,48,196608,0,0,8,0.024396,0.496273,0.358549,0.879218
overhead,64,instanced,512,512,512,512,1,1,1,1,48,196608,0,0,9,0.024886,0.593747,0.356145,0.974778
overhead,64,instanced,512,512,512,512,1,1,1,1,48,196608,0,0,10,0.023865,0.505486,0.414973,0.944324
overhead,64,instanced,512,512,512,512,1,1,1,1,48,196608,0,0,11,0.037115,0.501600,0.381604,0.920319
overhead,64,instanced,512,512,512,512,1,1,1,1,48,196608,0,0,12,0.036855,0.426719,0.441622,0.905196
overhead,64,instanced,512,512,512,512,1,1,1,1,48,196608,0,0,13,0.021051,0.475813,0.405899,0.902763
overhead,64,instanced,512,512,512,512,1,1,1,1,48,196608,0,0,14,0.020961,0.568008,0.394292,0.983261
overhead,64,instanced,512,512,512,512,1,1,1,1,48,196608,0,0,15,0.035944,0.590701,0.419389,1.046034
overhead,64,instanced,512,512,512,512,1,1,1,1,48,196608,0,0,16,0.023725,0.615138,0.471867,1.110730
overhead,64,instanced,512,512,512,512,1,1,1,1,48,196608,0,0,17,0.024767,0.489002,0.401472,0.915241
overhead,64,instanced,512,512,512,512,1,1,1,1,48,196608,0,0,18,0.035101,0.472408,0.430095,0.937604
overhead,64,instanced,512,512,512,512,1,1,1,1,48,196608,0,0,19,0.023585,0.525155,0.383937,0.932677
overhead,64,instanced,512,512,512,512,1,1,1,1,48,196608,0,0,20,0.033830,0.504234,0.379981,0.918045
overhead,64,instanced,512,512,512,512,1,1,1,1,48,196608,0,0,21,0.037205,0.699462,0.343337,1.080004
overhead,64,instanced,512,512,512,512,1,1,1,1,48,196608,0,0,22,0.027661,0.490504,0.419339,0.937504
overhead,64,instanced,512,512,512,512,1,1,1,1,48,196608,0,0,23,0.028982,0.396486,0.403505,0.828973
overhead,64,instanced,512,512,512,512,1,1,1,1,48,196608,0,0,24,0.021411,0.464676,0.340132,0.826219
overhead,64,instanced,512,512,512,512,1,1,1,1,48,196608,0,0,25,0.015443,0.489262,0.358709,0.863414
overhead,64,instanced,512,512,512,512,1,1,1,1,48,196608,0,0,26,0.023265,0.529171,0.348304,0.900740
overhead,64,instanced,512,512,512,512,1,1,1,1,48,196608,0,0,27,0.024827,0.494660,0.354143,0.873630
overhead,64,instanced,512,512,512,512,1,1,1,1,48,196608,0,0,28,0.016675,0.508110,0.434792,0.959577
overhead,64,instanced,512,512,512,512,1,1,1,1,48,196608,0,0,29,0.016744,0.473900,0.389014,0.879658
overhead,64,instanced,512,512,512,512,1,1,1,1,48,196608,0,1,0,0.020260,0.547108,0.408062,0.975430
overhead,64,instanced,512,512,512,512,1,1,1,1,48,196608,0,1,1,0.019259,0.664871,0.373071,1.057201
overhead,64,instanced,512,512,512,512,1,1,1,1,48,196608,0,1,2,0.019198,0.716137,0.361984,1.097319
overhead,64,instanced,512,512,512,512,1,1,1,1,48,196608,0,1,3,0.029935,0.736006,0.481851,1.247792
overhead,64,instanced,512,512,512,512,1,1,1,1,48,196608,0,1,4,0.020530,0.528500,0.441672,0.990702
overhead,64,instanced,512,512,512,512,1,1,1,1,48,196608,0,1,5,0.020079,0.523473,0.429694,0.973246
overhead,64,instanced,512,512,512,512,1,1,1,1,48,196608,0,1,6,0.017877,0.511795,0.382615,0.912287
overhead,64,instanced,512,512,512,512,1,1,1,1,48,196608,0,1,7,0.023214,0.522572,0.387331,0.933117
overhead,64,instanced,512,512,512,512,1,1,1,1,48,196608,0,1,8,0.032768,0.502261,0.378679,0.913708
overhead,64,instanced,512,512,512,512,1,1,1,1,48,196608,0,1,9,0.018267,0.484475,0.336507,0.839249
overhead,64,instanced,512,512,512,512,1,1,1,1,48,196608,0,1,10,0.026829,0.455923,0.325671,0.808423
overhead,64,instanced,512,512,512,512,1,1,1,1,48,196608,0,1,11,0.016074,0.516202,0.366711,0.898987
overhead,64,instanced,512,512,512,512,1,1,1,1,48,196608,0,1,12,0.028251,0.435804,0.326181,0.790236
overhead,64,instanced,512,512,512,512,1,1,1,1,48,196608,0,1,13,0.016295,0.441671,0.381003,0.838969
overhead,64,instanced,512,512,512,512,1,1,1,1,48,196608,0,1,14,0.019459,0.445568,0.334804,0.799831
overhead,64,instanced,512,512,512,512,1,1,1,1,48,196608,0,1,15,0.015984,0.444506,0.470364,0.930854
overhead,64,instanced,512,512,512,512,1,1,1,1,48,196608,0,1,16,0.022804,0.713854,0.326752,1.063410
overhead,64,instanced,512,512,512,512,1,1,1,1,48,196608,0,1,17,0.028873,0.659333,0.319852,1.008058
overhead,64,instanced,512,512,512,512,1,1,1,1,48,196608,0,1,18,0.021182,0.536021,0.346762,0.903965
overhead,64,instanced,512,512,512,512,1,1,1,1,48,196608,0,1,19,0.018778,0.424757,0.360532,0.804067
overhead,64,instanced,512,512,512,512,1,1,1,1,48,196608,0,1,20,0.017336,0.491015,0.351398,0.859749
overhead,64,instanced,512,512,512,512,1,1,1,1,48,196608,0,1,21,0.019999,0.542401,0.346892,0.909292
overhead,64,instanced,512,512,512,512,1,1,1,1,48,196608,0,1,22,0.020180,0.460870,0.382745,0.863795
overhead,64,instanced,512,512,512,512,1,1,1,1,48,196608,0,1,23,0.017646,0.376126,0.338119,0.731891
overhead,64,instanced,512,512,512,512,1,1,1,1,48,196608,0,1,24,0.030746,0.465036,0.600176,1.095958
overhead,64,instanced,512,512,512,512,1,1,1,1,48,196608,0,1,25,0.021051,0.530083,0.350387,0.901521
overhead,64,instanced,512,512,512,512,1,1,1,1,48,196608,0,1,26,0.054000,0.483423,0.368454,0.905877
overhead,64,instanced,512,512,512,512,1,1,1,1,48,196608,0,1,27,0.020179,0.549291,0.351719,0.921189
overhead,64,instanced,512,512,512,512,1,1,1,1,48,196608,0,1,28,0.025507,0.444226,0.372650,0.842383
overhead,64,instanced,512,512,512,512,1,1,1,1,48,196608,0,1,29,0.019800,0.459328,0.310468,0.789596
overhead,64,individual,512,512,512,512,64,1,1,1,48,196608,0,1,0,0.021462,0.500203,0.389255,0.910920
overhead,64,individual,512,512,512,512,64,1,1,1,48,196608,0,1,1,0.030325,0.558054,0.421372,1.009751
overhead,64,individual,512,512,512,512,64,1,1,1,48,196608,0,1,2,0.026449,1.174835,0.364528,1.565812
overhead,64,individual,512,512,512,512,64,1,1,1,48,196608,0,1,3,0.024126,1.093424,0.389525,1.507075
overhead,64,individual,512,512,512,512,64,1,1,1,48,196608,0,1,4,0.028782,0.490955,0.396465,0.916202
overhead,64,individual,512,512,512,512,64,1,1,1,48,196608,0,1,5,0.023695,0.430576,0.366231,0.820502
overhead,64,individual,512,512,512,512,64,1,1,1,48,196608,0,1,6,0.024997,0.677060,0.364097,1.066154
overhead,64,individual,512,512,512,512,64,1,1,1,48,196608,0,1,7,0.026179,0.593676,0.571283,1.191138
overhead,64,individual,512,512,512,512,64,1,1,1,48,196608,0,1,8,0.025778,0.671772,0.443935,1.141485
overhead,64,individual,512,512,512,512,64,1,1,1,48,196608,0,1,9,0.023985,0.765350,0.440260,1.229595
overhead,64,individual,512,512,512,512,64,1,1,1,48,196608,0,1,10,0.031847,0.630531,0.373311,1.035689
overhead,64,individual,512,512,512,512,64,1,1,1,48,196608,0,1,11,0.035693,0.556521,0.366541,0.958755
overhead,64,individual,512,512,512,512,64,1,1,1,48,196608,0,1,12,0.030856,0.709187,0.375103,1.115146
overhead,64,individual,512,512,512,512,64,1,1,1,48,196608,0,1,13,0.032138,0.584002,0.395714,1.011854
overhead,64,individual,512,512,512,512,64,1,1,1,48,196608,0,1,14,0.030455,0.560848,0.378198,0.969501
overhead,64,individual,512,512,512,512,64,1,1,1,48,196608,0,1,15,0.048381,0.637702,0.455087,1.141170
overhead,64,individual,512,512,512,512,64,1,1,1,48,196608,0,1,16,0.027330,0.580878,0.397076,1.005284
overhead,64,individual,512,512,512,512,64,1,1,1,48,196608,0,1,17,0.025828,0.497845,0.389124,0.912797
overhead,64,individual,512,512,512,512,64,1,1,1,48,196608,0,1,18,0.023084,0.593166,0.383346,0.999596
overhead,64,individual,512,512,512,512,64,1,1,1,48,196608,0,1,19,0.026189,0.543482,0.361965,0.931636
overhead,64,individual,512,512,512,512,64,1,1,1,48,196608,0,1,20,0.022343,0.542561,0.371889,0.936793
overhead,64,individual,512,512,512,512,64,1,1,1,48,196608,0,1,21,0.024707,0.517193,0.408784,0.950684
overhead,64,individual,512,512,512,512,64,1,1,1,48,196608,0,1,22,0.024606,0.603031,0.362545,0.990182
overhead,64,individual,512,512,512,512,64,1,1,1,48,196608,0,1,23,0.112656,0.571033,0.367733,1.051422
overhead,64,individual,512,512,512,512,64,1,1,1,48,196608,0,1,24,0.032037,0.611443,0.376555,1.020035
overhead,64,individual,512,512,512,512,64,1,1,1,48,196608,0,1,25,0.031357,0.648266,0.393061,1.072684
overhead,64,individual,512,512,512,512,64,1,1,1,48,196608,0,1,26,0.030696,0.594497,2.077416,2.702609
overhead,64,individual,512,512,512,512,64,1,1,1,48,196608,0,1,27,0.036494,0.564644,0.336466,0.937604
overhead,64,individual,512,512,512,512,64,1,1,1,48,196608,0,1,28,0.031065,0.550568,0.374192,0.955825
overhead,64,individual,512,512,512,512,64,1,1,1,48,196608,0,1,29,0.037486,0.619484,0.364188,1.021158
overhead,64,individual,512,512,512,512,64,1,1,1,48,196608,0,2,0,0.033769,0.584703,0.363898,0.982370
overhead,64,individual,512,512,512,512,64,1,1,1,48,196608,0,2,1,0.034221,0.549561,0.442078,1.025860
overhead,64,individual,512,512,512,512,64,1,1,1,48,196608,0,2,2,0.027701,0.489443,0.459728,0.976872
overhead,64,individual,512,512,512,512,64,1,1,1,48,196608,0,2,3,0.025478,0.560317,0.348575,0.934370
overhead,64,individual,512,512,512,512,64,1,1,1,48,196608,0,2,4,0.023294,0.457486,0.416635,0.897415
overhead,64,individual,512,512,512,512,64,1,1,1,48,196608,0,2,5,0.023535,0.486338,0.395123,0.904996
overhead,64,individual,512,512,512,512,64,1,1,1,48,196608,0,2,6,0.023876,0.547538,0.392519,0.963933
overhead,64,individual,512,512,512,512,64,1,1,1,48,196608,0,2,7,0.023014,0.417927,0.440510,0.881451
overhead,64,individual,512,512,512,512,64,1,1,1,48,196608,0,2,8,0.023074,0.619064,0.514610,1.156748
overhead,64,individual,512,512,512,512,64,1,1,1,48,196608,0,2,9,0.028442,0.664030,0.377487,1.069959
overhead,64,individual,512,512,512,512,64,1,1,1,48,196608,0,2,10,0.033720,0.552996,0.397266,0.983982
overhead,64,individual,512,512,512,512,64,1,1,1,48,196608,0,2,11,0.029914,0.648908,0.390306,1.069128
overhead,64,individual,512,512,512,512,64,1,1,1,48,196608,0,2,12,0.031497,0.507669,0.407331,0.946497
overhead,64,individual,512,512,512,512,64,1,1,1,48,196608,0,2,13,0.030064,0.547218,0.398408,0.975690
overhead,64,individual,512,512,512,512,64,1,1,1,48,196608,0,2,14,0.031026,0.530503,0.403095,0.964624
overhead,64,individual,512,512,512,512,64,1,1,1,48,196608,0,2,15,0.031386,0.509062,0.401412,0.941860
overhead,64,individual,512,512,512,512,64,1,1,1,48,196608,0,2,16,0.030215,0.506878,0.407181,0.944274
overhead,64,individual,512,512,512,512,64,1,1,1,48,196608,0,2,17,0.031116,0.575449,0.382605,0.989170
overhead,64,individual,512,512,512,512,64,1,1,1,48,196608,0,2,18,0.030665,0.552456,0.395083,0.978204
overhead,64,individual,512,512,512,512,64,1,1,1,48,196608,0,2,19,0.035472,0.699873,0.373962,1.109307
overhead,64,individual,512,512,512,512,64,1,1,1,48,196608,0,2,20,0.034430,0.507650,0.397597,0.939677
overhead,64,individual,512,512,512,512,64,1,1,1,48,196608,0,2,21,0.031938,0.681576,0.393230,1.106744
overhead,64,individual,512,512,512,512,64,1,1,1,48,196608,0,2,22,0.029554,0.746522,0.406289,1.182365
overhead,64,individual,512,512,512,512,64,1,1,1,48,196608,0,2,23,0.026570,0.454520,0.401103,0.882193
overhead,64,individual,512,512,512,512,64,1,1,1,48,196608,0,2,24,0.022904,0.664290,0.392900,1.080094
overhead,64,individual,512,512,512,512,64,1,1,1,48,196608,0,2,25,0.024276,0.502331,0.415118,0.941725
overhead,64,individual,512,512,512,512,64,1,1,1,48,196608,0,2,26,0.033820,0.595930,0.381713,1.011463
overhead,64,individual,512,512,512,512,64,1,1,1,48,196608,0,2,27,0.030535,0.495772,0.396124,0.922431
overhead,64,individual,512,512,512,512,64,1,1,1,48,196608,0,2,28,0.032899,0.565775,0.425037,1.023711
overhead,64,individual,512,512,512,512,64,1,1,1,48,196608,0,2,29,0.029664,0.550993,0.387863,0.968520
overhead,64,instanced,512,512,512,512,1,1,1,1,48,196608,0,2,0,0.024797,0.522030,0.329907,0.876734
overhead,64,instanced,512,512,512,512,1,1,1,1,48,196608,0,2,1,0.023675,0.590923,0.376045,0.990643
overhead,64,instanced,512,512,512,512,1,1,1,1,48,196608,0,2,2,0.025507,0.591283,0.362696,0.979486
overhead,64,instanced,512,512,512,512,1,1,1,1,48,196608,0,2,3,0.024726,0.549061,0.388183,0.961970
overhead,64,instanced,512,512,512,512,1,1,1,1,48,196608,0,2,4,0.022583,0.862083,0.350046,1.234712
overhead,64,instanced,512,512,512,512,1,1,1,1,48,196608,0,2,5,0.025178,0.469643,0.350287,0.845108
overhead,64,instanced,512,512,512,512,1,1,1,1,48,196608,0,2,6,0.024156,0.531054,0.374412,0.929622
overhead,64,instanced,512,512,512,512,1,1,1,1,48,196608,0,2,7,0.024025,0.449724,0.373792,0.847541
overhead,64,instanced,512,512,512,512,1,1,1,1,48,196608,0,2,8,0.022584,0.435212,0.377587,0.835383
overhead,64,instanced,512,512,512,512,1,1,1,1,48,196608,0,2,9,0.026749,0.439189,0.356135,0.822073
overhead,64,instanced,512,512,512,512,1,1,1,1,48,196608,0,2,10,0.022173,0.435052,0.384618,0.841843
overhead,64,instanced,512,512,512,512,1,1,1,1,48,196608,0,2,11,0.022994,0.499207,0.350377,0.872578
overhead,64,instanced,512,512,512,512,1,1,1,1,48,196608,0,2,12,0.023605,0.447180,0.364909,0.835694
overhead,64,instanced,512,512,512,512,1,1,1,1,48,196608,0,2,13,0.023384,0.485126,0.368905,0.877415
overhead,64,instanced,512,512,512,512,1,1,1,1,48,196608,0,2,14,0.026399,0.437055,0.385879,0.849333
overhead,64,instanced,512,512,512,512,1,1,1,1,48,196608,0,2,15,0.024266,0.488631,0.397647,0.910544
overhead,64,instanced,512,512,512,512,1,1,1,1,48,196608,0,2,16,0.024045,0.440580,0.392480,0.857105
overhead,64,instanced,512,512,512,512,1,1,1,1,48,196608,0,2,17,0.024085,0.473219,0.361073,0.858377
overhead,64,instanced,512,512,512,512,1,1,1,1,48,196608,0,2,18,0.021712,0.489863,0.373070,0.884645
overhead,64,instanced,512,512,512,512,1,1,1,1,48,196608,0,2,19,0.024967,0.490634,0.337869,0.853470
overhead,64,instanced,512,512,512,512,1,1,1,1,48,196608,0,2,20,0.024055,0.497845,0.351038,0.872938
overhead,64,instanced,512,512,512,512,1,1,1,1,48,196608,0,2,21,0.024857,0.485757,0.364368,0.874982
overhead,64,instanced,512,512,512,512,1,1,1,1,48,196608,0,2,22,0.024807,0.462212,0.363316,0.850335
overhead,64,instanced,512,512,512,512,1,1,1,1,48,196608,0,2,23,0.022353,0.461391,0.402525,0.886269
overhead,64,instanced,512,512,512,512,1,1,1,1,48,196608,0,2,24,0.021742,0.446980,0.376546,0.845268
overhead,64,instanced,512,512,512,512,1,1,1,1,48,196608,0,2,25,0.023736,0.466258,0.359320,0.849314
overhead,64,instanced,512,512,512,512,1,1,1,1,48,196608,0,2,26,0.021531,0.468963,0.358208,0.848702
overhead,64,instanced,512,512,512,512,1,1,1,1,48,196608,0,2,27,0.024687,0.473398,0.372050,0.870135
overhead,64,instanced,512,512,512,512,1,1,1,1,48,196608,0,2,28,0.023425,0.480619,0.366892,0.870936
overhead,64,instanced,512,512,512,512,1,1,1,1,48,196608,0,2,29,0.023555,0.484085,0.395894,0.903534
overhead,256,individual,512,512,512,512,256,1,1,1,48,196608,0,0,0,0.089843,0.760302,0.378669,1.228814
overhead,256,individual,512,512,512,512,256,1,1,1,48,196608,0,0,1,0.049293,0.691381,0.399970,1.140644
overhead,256,individual,512,512,512,512,256,1,1,1,48,196608,0,0,2,0.048912,0.776086,0.346481,1.171479
overhead,256,individual,512,512,512,512,256,1,1,1,48,196608,0,0,3,0.048942,0.812990,0.357889,1.219821
overhead,256,individual,512,512,512,512,256,1,1,1,48,196608,0,0,4,0.049583,0.791278,0.338440,1.179301
overhead,256,individual,512,512,512,512,256,1,1,1,48,196608,0,0,5,0.046649,0.709888,0.336627,1.093164
overhead,256,individual,512,512,512,512,256,1,1,1,48,196608,0,0,6,0.048382,0.710338,0.376276,1.134996
overhead,256,individual,512,512,512,512,256,1,1,1,48,196608,0,0,7,0.049894,0.692102,0.347112,1.089108
overhead,256,individual,512,512,512,512,256,1,1,1,48,196608,0,0,8,0.049012,0.744920,0.359280,1.153212
overhead,256,individual,512,512,512,512,256,1,1,1,48,196608,0,0,9,0.050365,0.956311,0.361184,1.367860
overhead,256,individual,512,512,512,512,256,1,1,1,48,196608,0,0,10,0.048692,0.881261,0.391898,1.321851
overhead,256,individual,512,512,512,512,256,1,1,1,48,196608,0,0,11,0.047420,0.741355,0.393861,1.182636
overhead,256,individual,512,512,512,512,256,1,1,1,48,196608,0,0,12,0.053579,0.809705,0.361654,1.224938
overhead,256,individual,512,512,512,512,256,1,1,1,48,196608,0,0,13,0.054000,0.903694,0.382024,1.339718
overhead,256,individual,512,512,512,512,256,1,1,1,48,196608,0,0,14,0.049082,0.778029,0.383205,1.210316
overhead,256,individual,512,512,512,512,256,1,1,1,48,196608,0,0,15,0.047991,0.766402,0.391938,1.206331
overhead,256,individual,512,512,512,512,256,1,1,1,48,196608,0,0,16,0.047380,0.805459,0.435072,1.287911
overhead,256,individual,512,512,512,512,256,1,1,1,48,196608,0,0,17,0.049833,0.830737,0.390296,1.270866
overhead,256,individual,512,512,512,512,256,1,1,1,48,196608,0,0,18,0.049213,0.779150,0.415723,1.244086
overhead,256,individual,512,512,512,512,256,1,1,1,48,196608,0,0,19,0.049644,0.805299,0.367592,1.222535
overhead,256,individual,512,512,512,512,256,1,1,1,48,196608,0,0,20,0.047811,0.743777,0.336727,1.128315
overhead,256,individual,512,512,512,512,256,1,1,1,48,196608,0,0,21,0.048292,0.758449,0.321324,1.128065
overhead,256,individual,512,512,512,512,256,1,1,1,48,196608,0,0,22,0.048281,0.921280,0.309096,1.278657
overhead,256,individual,512,512,512,512,256,1,1,1,48,196608,0,0,23,0.050414,0.841773,0.365539,1.257726
overhead,256,individual,512,512,512,512,256,1,1,1,48,196608,0,0,24,0.048992,0.689468,0.358679,1.097139
overhead,256,individual,512,512,512,512,256,1,1,1,48,196608,0,0,25,0.062583,0.729727,0.350247,1.142557
overhead,256,individual,512,512,512,512,256,1,1,1,48,196608,0,0,26,0.047239,0.719623,0.336226,1.103088
overhead,256,individual,512,512,512,512,256,1,1,1,48,196608,0,0,27,0.047440,0.744219,0.331700,1.123359
overhead,256,individual,512,512,512,512,256,1,1,1,48,196608,0,0,28,0.047450,0.711810,0.330969,1.090229
overhead,256,individual,512,512,512,512,256,1,1,1,48,196608,0,0,29,0.049864,0.776816,0.363116,1.189796
overhead,256,instanced,512,512,512,512,1,1,1,1,48,196608,0,0,0,0.027961,0.788614,0.389906,1.206481
overhead,256,instanced,512,512,512,512,1,1,1,1,48,196608,0,0,1,0.025197,0.890365,0.357467,1.273029
overhead,256,instanced,512,512,512,512,1,1,1,1,48,196608,0,0,2,0.023295,0.674666,0.393060,1.091021
overhead,256,instanced,512,512,512,512,1,1,1,1,48,196608,0,0,3,0.025468,0.827281,0.351489,1.204238
overhead,256,instanced,512,512,512,512,1,1,1,1,48,196608,0,0,4,0.023204,0.779070,0.327874,1.130148
overhead,256,instanced,512,512,512,512,1,1,1,1,48,196608,0,0,5,0.026329,0.746562,0.363066,1.135957
overhead,256,instanced,512,512,512,512,1,1,1,1,48,196608,0,0,6,0.024747,0.684350,0.342045,1.051142
overhead,256,instanced,512,512,512,512,1,1,1,1,48,196608,0,0,7,0.043183,0.742757,0.368013,1.153953
overhead,256,instanced,512,512,512,512,1,1,1,1,48,196608,0,0,8,0.026168,0.702908,0.380812,1.109888
overhead,256,instanced,512,512,512,512,1,1,1,1,48,196608,0,0,9,0.024567,0.827351,0.330398,1.182316
overhead,256,instanced,512,512,512,512,1,1,1,1,48,196608,0,0,10,0.025888,0.984794,0.336827,1.347509
overhead,256,instanced,512,512,512,512,1,1,1,1,48,196608,0,0,11,0.025878,0.884015,0.333803,1.243696
overhead,256,instanced,512,512,512,512,1,1,1,1,48,196608,0,0,12,0.027370,1.047326,0.344158,1.418854
overhead,256,instanced,512,512,512,512,1,1,1,1,48,196608,0,0,13,0.028922,0.790317,0.404136,1.223375
overhead,256,instanced,512,512,512,512,1,1,1,1,48,196608,0,0,14,0.022994,0.807542,0.326742,1.157278
overhead,256,instanced,512,512,512,512,1,1,1,1,48,196608,0,0,15,0.024776,0.698051,0.327243,1.050070
overhead,256,instanced,512,512,512,512,1,1,1,1,48,196608,0,0,16,0.022934,0.735346,0.307744,1.066024
overhead,256,instanced,512,512,512,512,1,1,1,1,48,196608,0,0,17,0.024776,0.847321,0.399570,1.271667
overhead,256,instanced,512,512,512,512,1,1,1,1,48,196608,0,0,18,0.028122,0.813791,0.580437,1.422350
overhead,256,instanced,512,512,512,512,1,1,1,1,48,196608,0,0,19,0.025958,0.728476,0.532656,1.287090
overhead,256,instanced,512,512,512,512,1,1,1,1,48,196608,0,0,20,0.023514,0.703739,0.418267,1.145520
overhead,256,instanced,512,512,512,512,1,1,1,1,48,196608,0,0,21,0.024035,0.686393,0.552636,1.263064
overhead,256,instanced,512,512,512,512,1,1,1,1,48,196608,0,0,22,0.026740,0.787412,0.367413,1.181565
overhead,256,instanced,512,512,512,512,1,1,1,1,48,196608,0,0,23,0.023525,0.759471,0.365149,1.148145
overhead,256,instanced,512,512,512,512,1,1,1,1,48,196608,0,0,24,0.024717,0.791919,0.351198,1.167834
overhead,256,instanced,512,512,512,512,1,1,1,1,48,196608,0,0,25,0.025327,0.927739,0.403156,1.356222
overhead,256,instanced,512,512,512,512,1,1,1,1,48,196608,0,0,26,0.023655,0.731119,0.360743,1.115517
overhead,256,instanced,512,512,512,512,1,1,1,1,48,196608,0,0,27,0.024917,0.829875,0.362575,1.217367
overhead,256,instanced,512,512,512,512,1,1,1,1,48,196608,0,0,28,0.025748,0.816295,0.346041,1.188084
overhead,256,instanced,512,512,512,512,1,1,1,1,48,196608,0,0,29,0.024976,0.724180,0.367182,1.116338
overhead,256,instanced,512,512,512,512,1,1,1,1,48,196608,0,1,0,0.024726,0.746122,0.348855,1.119703
overhead,256,instanced,512,512,512,512,1,1,1,1,48,196608,0,1,1,0.025397,0.733383,0.368504,1.127284
overhead,256,instanced,512,512,512,512,1,1,1,1,48,196608,0,1,2,0.024657,0.838838,0.404036,1.267531
overhead,256,instanced,512,512,512,512,1,1,1,1,48,196608,0,1,3,0.025427,0.678592,0.387111,1.091130
overhead,256,instanced,512,512,512,512,1,1,1,1,48,196608,0,1,4,0.023204,0.713693,0.375765,1.112662
overhead,256,instanced,512,512,512,512,1,1,1,1,48,196608,0,1,5,0.025458,0.690399,0.430956,1.146813
overhead,256,instanced,512,512,512,512,1,1,1,1,48,196608,0,1,6,0.024235,0.696699,0.438397,1.159331
overhead,256,instanced,512,512,512,512,1,1,1,1,48,196608,0,1,7,0.023494,0.723118,0.393370,1.139982
overhead,256,instanced,512,512,512,512,1,1,1,1,48,196608,0,1,8,0.025467,0.877746,0.592174,1.495387
overhead,256,instanced,512,512,512,512,1,1,1,1,48,196608,0,1,9,0.029644,0.730298,0.416024,1.175966
overhead,256,instanced,512,512,512,512,1,1,1,1,48,196608,0,1,10,0.024506,0.721865,0.372611,1.118982
overhead,256,instanced,512,512,512,512,1,1,1,1,48,196608,0,1,11,0.024766,0.778319,0.387412,1.190497
overhead,256,instanced,512,512,512,512,1,1,1,1,48,196608,0,1,12,0.024065,0.807152,0.365069,1.196286
overhead,256,instanced,512,512,512,512,1,1,1,1,48,196608,0,1,13,0.023395,0.708175,0.346512,1.078082
overhead,256,instanced,512,512,512,512,1,1,1,1,48,196608,0,1,14,0.026389,0.723568,0.393380,1.143337
overhead,256,instanced,512,512,512,512,1,1,1,1,48,196608,0,1,15,0.024556,0.835914,0.375474,1.235944
overhead,256,instanced,512,512,512,512,1,1,1,1,48,196608,0,1,16,0.026048,0.970933,0.376306,1.373287
overhead,256,instanced,512,512,512,512,1,1,1,1,48,196608,0,1,17,0.029984,0.730859,0.369656,1.130499
overhead,256,instanced,512,512,512,512,1,1,1,1,48,196608,0,1,18,0.024777,0.887610,0.426860,1.339247
overhead,256,instanced,512,512,512,512,1,1,1,1,48,196608,0,1,19,0.029343,0.705681,0.401663,1.136687
overhead,256,instanced,512,512,512,512,1,1,1,1,48,196608,0,1,20,0.024706,0.763457,0.386821,1.174984
overhead,256,instanced,512,512,512,512,1,1,1,1,48,196608,0,1,21,0.023625,0.736817,0.340262,1.100704
overhead,256,instanced,512,512,512,512,1,1,1,1,48,196608,0,1,22,0.025138,0.769235,0.368264,1.162637
overhead,256,instanced,512,512,512,512,1,1,1,1,48,196608,0,1,23,0.025217,0.695356,0.356397,1.076970
overhead,256,instanced,512,512,512,512,1,1,1,1,48,196608,0,1,24,0.025207,0.735866,0.379941,1.141014
overhead,256,instanced,512,512,512,512,1,1,1,1,48,196608,0,1,25,0.025598,0.744218,0.382214,1.152030
overhead,256,instanced,512,512,512,512,1,1,1,1,48,196608,0,1,26,0.024526,0.795824,0.349757,1.170107
overhead,256,instanced,512,512,512,512,1,1,1,1,48,196608,0,1,27,0.027291,0.736837,0.455362,1.219490
overhead,256,instanced,512,512,512,512,1,1,1,1,48,196608,0,1,28,0.023826,0.718610,0.357538,1.099974
overhead,256,instanced,512,512,512,512,1,1,1,1,48,196608,0,1,29,0.023395,0.800732,0.396785,1.220912
overhead,256,individual,512,512,512,512,256,1,1,1,48,196608,0,1,0,0.050414,0.788684,0.401904,1.241002
overhead,256,individual,512,512,512,512,256,1,1,1,48,196608,0,1,1,0.051085,0.741525,0.412689,1.205299
overhead,256,individual,512,512,512,512,256,1,1,1,48,196608,0,1,2,0.048271,0.726222,0.413400,1.187893
overhead,256,individual,512,512,512,512,256,1,1,1,48,196608,0,1,3,0.049624,0.747853,0.404387,1.201864
overhead,256,individual,512,512,512,512,256,1,1,1,48,196608,0,1,4,0.052617,0.792260,0.385479,1.230356
overhead,256,individual,512,512,512,512,256,1,1,1,48,196608,0,1,5,0.050504,0.809355,0.408553,1.268412
overhead,256,individual,512,512,512,512,256,1,1,1,48,196608,0,1,6,0.050855,0.757819,0.413380,1.222054
overhead,256,individual,512,512,512,512,256,1,1,1,48,196608,0,1,7,0.050615,0.758569,0.351229,1.160413
overhead,256,individual,512,512,512,512,256,1,1,1,48,196608,0,1,8,0.049052,0.781554,0.356456,1.187062
overhead,256,individual,512,512,512,512,256,1,1,1,48,196608,0,1,9,0.047680,0.786401,0.349696,1.183777
overhead,256,individual,512,512,512,512,256,1,1,1,48,196608,0,1,10,0.048732,0.813641,0.562850,1.425223
overhead,256,individual,512,512,512,512,256,1,1,1,48,196608,0,1,11,0.049183,0.738610,0.411067,1.198860
overhead,256,individual,512,512,512,512,256,1,1,1,48,196608,0,1,12,0.047710,0.787152,0.369966,1.204828
overhead,256,individual,512,512,512,512,256,1,1,1,48,196608,0,1,13,0.049132,0.756407,0.388423,1.193962
overhead,256,individual,512,512,512,512,256,1,1,1,48,196608,0,1,14,0.050645,0.737939,0.352380,1.140964
overhead,256,individual,512,512,512,512,256,1,1,1,48,196608,0,1,15,0.068310,0.748385,0.420311,1.237006
overhead,256,individual,512,512,512,512,256,1,1,1,48,196608,0,1,16,0.049563,0.764649,0.416424,1.230636
overhead,256,individual,512,512,512,512,256,1,1,1,48,196608,0,1,17,0.048502,0.761674,0.375104,1.185280
overhead,256,individual,512,512,512,512,256,1,1,1,48,196608,0,1,18,0.047330,0.768244,0.353091,1.168665
overhead,256,individual,512,512,512,512,256,1,1,1,48,196608,0,1,19,0.047850,0.832699,0.391819,1.272368
overhead,256,individual,512,512,512,512,256,1,1,1,48,196608,0,1,20,0.049213,0.709066,0.670350,1.428629
overhead,256,individual,512,512,512,512,256,1,1,1,48,196608,0,1,21,0.051496,0.761875,0.353312,1.166683
overhead,256,individual,512,512,512,512,256,1,1,1,48,196608,0,1,22,0.048101,0.823015,0.392880,1.263996
overhead,256,individual,512,512,512,512,256,1,1,1,48,196608,0,1,23,0.064856,0.705672,0.380942,1.151470
overhead,256,individual,512,512,512,512,256,1,1,1,48,196608,0,1,24,0.049443,0.736517,0.387963,1.173923
overhead,256,individual,512,512,512,512,256,1,1,1,48,196608,0,1,25,0.047741,1.110920,0.407541,1.566202
overhead,256,individual,512,512,512,512,256,1,1,1,48,196608,0,1,26,0.048361,0.733653,0.400040,1.182054
overhead,256,individual,512,512,512,512,256,1,1,1,48,196608,0,1,27,0.050525,0.720433,0.427642,1.198600
overhead,256,individual,512,512,512,512,256,1,1,1,48,196608,0,1,28,0.049653,0.899889,0.467019,1.416561
overhead,256,individual,512,512,512,512,256,1,1,1,48,196608,0,1,29,0.050144,0.764238,0.392720,1.207102
overhead,256,individual,512,512,512,512,256,1,1,1,48,196608,0,2,0,0.036454,0.987928,0.381563,1.405945
overhead,256,individual,512,512,512,512,256,1,1,1,48,196608,0,2,1,0.037775,0.637091,0.427090,1.101956
overhead,256,individual,512,512,512,512,256,1,1,1,48,196608,0,2,2,0.114028,0.920970,0.390616,1.425614
overhead,256,individual,512,512,512,512,256,1,1,1,48,196608,0,2,3,0.036534,0.734173,0.400732,1.171439
overhead,256,individual,512,512,512,512,256,1,1,1,48,196608,0,2,4,0.037735,0.692202,0.462423,1.192360
overhead,256,individual,512,512,512,512,256,1,1,1,48,196608,0,2,5,0.034611,0.767754,0.419589,1.221954
overhead,256,individual,512,512,512,512,256,1,1,1,48,196608,0,2,6,0.036303,0.748645,0.396886,1.181834
overhead,256,individual,512,512,512,512,256,1,1,1,48,196608,0,2,7,0.034672,0.703308,0.387482,1.125462
overhead,256,individual,512,512,512,512,256,1,1,1,48,196608,0,2,8,0.095501,0.871616,0.411888,1.379005
overhead,256,individual,512,512,512,512,256,1,1,1,48,196608,0,2,9,0.035612,0.773943,0.627826,1.437381
overhead,256,individual,512,512,512,512,256,1,1,1,48,196608,0,2,10,0.056043,1.123713,0.394763,1.574519
overhead,256,individual,512,512,512,512,256,1,1,1,48,196608,0,2,11,0.041171,0.732451,0.364107,1.137729
overhead,256,individual,512,512,512,512,256,1,1,1,48,196608,0,2,12,0.037325,1.677757,0.619515,2.334597
overhead,256,individual,512,512,512,512,256,1,1,1,48,196608,0,2,13,0.055451,0.817763,0.447931,1.321145
overhead,256,individual,512,512,512,512,256,1,1,1,48,196608,0,2,14,0.055272,0.857060,0.382484,1.294816
overhead,256,individual,512,512,512,512,256,1,1,1,48,196608,0,2,15,0.052788,0.787342,0.481256,1.321386
overhead,256,individual,512,512,512,512,256,1,1,1,48,196608,0,2,16,0.051296,0.810867,0.410967,1.273130
overhead,256,individual,512,512,512,512,256,1,1,1,48,196608,0,2,17,0.051336,0.793681,0.417867,1.262884
overhead,256,individual,512,512,512,512,256,1,1,1,48,196608,0,2,18,0.048091,0.741194,0.466173,1.255458
overhead,256,individual,512,512,512,512,256,1,1,1,48,196608,0,2,19,0.050595,0.787477,0.363016,1.201088
overhead,256,individual,512,512,512,512,256,1,1,1,48,196608,0,2,20,0.051115,0.789786,0.397577,1.238478
overhead,256,individual,512,512,512,512,256,1,1,1,48,196608,0,2,21,0.048772,0.875573,0.478606,1.402951
overhead,256,individual,512,512,512,512,256,1,1,1,48,196608,0,2,22,0.049303,0.824678,0.393140,1.267121
overhead,256,individual,512,512,512,512,256,1,1,1,48,196608,0,2,23,0.054130,0.763257,0.405719,1.223106
overhead,256,individual,512,512,512,512,256,1,1,1,48,196608,0,2,24,0.050024,0.720694,0.492406,1.263124
overhead,256,individual,512,512,512,512,256,1,1,1,48,196608,0,2,25,0.052007,0.849854,0.411488,1.313349
overhead,256,individual,512,512,512,512,256,1,1,1,48,196608,0,2,26,0.047691,0.758089,0.393240,1.199020
overhead,256,individual,512,512,512,512,256,1,1,1,48,196608,0,2,27,0.049052,0.774503,0.395524,1.219079
overhead,256,individual,512,512,512,512,256,1,1,1,48,196608,0,2,28,0.087179,0.718535,0.451026,1.256740
overhead,256,individual,512,512,512,512,256,1,1,1,48,196608,0,2,29,0.039398,0.648127,0.436635,1.124160
overhead,256,instanced,512,512,512,512,1,1,1,1,48,196608,0,2,0,0.019589,0.727654,0.350828,1.098071
overhead,256,instanced,512,512,512,512,1,1,1,1,48,196608,0,2,1,0.019639,0.664020,0.339882,1.023541
overhead,256,instanced,512,512,512,512,1,1,1,1,48,196608,0,2,2,0.017335,0.721786,0.567978,1.307099
overhead,256,instanced,512,512,512,512,1,1,1,1,48,196608,0,2,3,0.037225,0.609469,0.530824,1.177518
overhead,256,instanced,512,512,512,512,1,1,1,1,48,196608,0,2,4,0.019339,0.648167,0.383986,1.051492
overhead,256,instanced,512,512,512,512,1,1,1,1,48,196608,0,2,5,0.018627,0.609770,0.403966,1.032363
overhead,256,instanced,512,512,512,512,1,1,1,1,48,196608,0,2,6,0.032258,0.623911,0.432949,1.089118
overhead,256,instanced,512,512,512,512,1,1,1,1,48,196608,0,2,7,0.018818,0.650741,0.372780,1.042339
overhead,256,instanced,512,512,512,512,1,1,1,1,48,196608,0,2,8,0.017757,0.702467,0.386660,1.106884
overhead,256,instanced,512,512,512,512,1,1,1,1,48,196608,0,2,9,0.018157,0.645983,0.550228,1.214368
overhead,256,instanced,512,512,512,512,1,1,1,1,48,196608,0,2,10,0.027210,0.761605,0.369004,1.157819
overhead,256,instanced,512,512,512,512,1,1,1,1,48,196608,0,2,11,0.025177,0.901851,0.446709,1.373737
overhead,256,instanced,512,512,512,512,1,1,1,1,48,196608,0,2,12,0.026549,0.824588,0.373691,1.224828
overhead,256,instanced,512,512,512,512,1,1,1,1,48,196608,0,2,13,0.026369,0.748615,0.367473,1.142457
overhead,256,instanced,512,512,512,512,1,1,1,1,48,196608,0,2,14,0.024566,0.734274,0.391839,1.150679
overhead,256,instanced,512,512,512,512,1,1,1,1,48,196608,0,2,15,0.027360,0.759281,0.378328,1.164969
overhead,256,instanced,512,512,512,512,1,1,1,1,48,196608,0,2,16,0.023705,0.663079,0.420922,1.107706
overhead,256,instanced,512,512,512,512,1,1,1,1,48,196608,0,2,17,0.024857,0.690619,0.381724,1.097200
overhead,256,instanced,512,512,512,512,1,1,1,1,48,196608,0,2,18,0.025317,0.719182,0.358679,1.103178
overhead,256,instanced,512,512,512,512,1,1,1,1,48,196608,0,2,19,0.024846,0.710028,0.379931,1.114805
overhead,256,instanced,512,512,512,512,1,1,1,1,48,196608,0,2,20,0.025107,0.841773,0.406820,1.273700
overhead,256,instanced,512,512,512,512,1,1,1,1,48,196608,0,2,21,0.025158,0.712051,0.365850,1.103059
overhead,256,instanced,512,512,512,512,1,1,1,1,48,196608,0,2,22,0.025728,0.709457,0.369145,1.104330
overhead,256,instanced,512,512,512,512,1,1,1,1,48,196608,0,2,23,0.022563,0.733282,0.475052,1.230897
overhead,256,instanced,512,512,512,512,1,1,1,1,48,196608,0,2,24,0.025868,0.738450,0.410286,1.174604
overhead,256,instanced,512,512,512,512,1,1,1,1,48,196608,0,2,25,0.024236,0.679543,0.393972,1.097751
overhead,256,instanced,512,512,512,512,1,1,1,1,48,196608,0,2,26,0.024386,0.725021,0.346691,1.096098
overhead,256,instanced,512,512,512,512,1,1,1,1,48,196608,0,2,27,0.025578,0.765219,0.370046,1.160843
overhead,256,instanced,512,512,512,512,1,1,1,1,48,196608,0,2,28,0.029063,0.727935,0.347002,1.104000
overhead,256,instanced,512,512,512,512,1,1,1,1,48,196608,0,2,29,0.025548,0.726793,0.364237,1.116578
overhead,1024,individual,512,512,512,512,1024,1,1,1,48,196608,0,0,0,0.114449,1.693660,0.391238,2.199347
overhead,1024,individual,512,512,512,512,1024,1,1,1,48,196608,0,0,1,0.104104,1.639910,0.700294,2.444308
overhead,1024,individual,512,512,512,512,1024,1,1,1,48,196608,0,0,2,0.130062,1.580192,0.397257,2.107511
overhead,1024,individual,512,512,512,512,1024,1,1,1,48,196608,0,0,3,0.116322,1.644377,0.375965,2.136664
overhead,1024,individual,512,512,512,512,1024,1,1,1,48,196608,0,0,4,0.117264,1.620101,0.362175,2.099540
overhead,1024,individual,512,512,512,512,1024,1,1,1,48,196608,0,0,5,0.116702,1.668062,0.349837,2.134601
overhead,1024,individual,512,512,512,512,1024,1,1,1,48,196608,0,0,6,0.116893,1.631918,0.382355,2.131166
overhead,1024,individual,512,512,512,512,1024,1,1,1,48,196608,0,0,7,0.115230,1.619381,0.367542,2.102153
overhead,1024,individual,512,512,512,512,1024,1,1,1,48,196608,0,0,8,0.139325,3.059136,0.396385,3.594846
overhead,1024,individual,512,512,512,512,1024,1,1,1,48,196608,0,0,9,0.101951,1.561204,0.374302,2.037457
overhead,1024,individual,512,512,512,512,1024,1,1,1,48,196608,0,0,10,0.100408,1.649235,0.368363,2.118006
overhead,1024,individual,512,512,512,512,1024,1,1,1,48,196608,0,0,11,0.092176,1.611228,0.373672,2.077076
overhead,1024,individual,512,512,512,512,1024,1,1,1,48,196608,0,0,12,0.103874,1.724405,0.391177,2.219456
overhead,1024,individual,512,512,512,512,1024,1,1,1,48,196608,0,0,13,0.106968,1.557659,0.407121,2.071748
overhead,1024,individual,512,512,512,512,1024,1,1,1,48,196608,0,0,14,0.110754,1.652048,0.394383,2.157185
overhead,1024,individual,512,512,512,512,1024,1,1,1,48,196608,0,0,15,0.086207,1.570018,0.397697,2.053922
overhead,1024,individual,512,512,512,512,1024,1,1,1,48,196608,0,0,16,0.094038,1.616186,0.382124,2.092348
overhead,1024,individual,512,512,512,512,1024,1,1,1,48,196608,0,0,17,0.103753,1.933013,0.397877,2.434643
overhead,1024,individual,512,512,512,512,1024,1,1,1,48,196608,0,0,18,0.121980,1.718367,0.469182,2.309529
overhead,1024,individual,512,512,512,512,1024,1,1,1,48,196608,0,0,19,0.115060,1.823191,0.422043,2.360294
overhead,1024,individual,512,512,512,512,1024,1,1,1,48,196608,0,0,20,0.094850,1.855008,0.430681,2.380539
overhead,1024,individual,512,512,512,512,1024,1,1,1,48,196608,0,0,21,0.137293,1.747950,0.488591,2.373834
overhead,1024,individual,512,512,512,512,1024,1,1,1,48,196608,0,0,22,0.077624,1.833246,0.425519,2.336389
overhead,1024,individual,512,512,512,512,1024,1,1,1,48,196608,0,0,23,0.076223,1.902348,0.413780,2.392351
overhead,1024,individual,512,512,512,512,1024,1,1,1,48,196608,0,0,24,0.109551,1.679019,0.472978,2.261548
overhead,1024,individual,512,512,512,512,1024,1,1,1,48,196608,0,0,25,0.076503,1.896409,0.453429,2.426341
overhead,1024,individual,512,512,512,512,1024,1,1,1,48,196608,0,0,26,0.077044,1.582476,0.414502,2.074022
overhead,1024,individual,512,512,512,512,1024,1,1,1,48,196608,0,0,27,0.078186,1.844383,0.432188,2.354757
overhead,1024,individual,512,512,512,512,1024,1,1,1,48,196608,0,0,28,0.076312,1.722423,0.406450,2.205185
overhead,1024,individual,512,512,512,512,1024,1,1,1,48,196608,0,0,29,0.075652,1.588735,0.394812,2.059199
overhead,1024,instanced,512,512,512,512,1,1,1,1,48,196608,0,0,0,0.019378,1.454047,0.440220,1.913645
overhead,1024,instanced,512,512,512,512,1,1,1,1,48,196608,0,0,1,0.020070,1.400778,0.487409,1.908257
overhead,1024,instanced,512,512,512,512,1,1,1,1,48,196608,0,0,2,0.023364,1.645529,0.506778,2.175671
overhead,1024,instanced,512,512,512,512,1,1,1,1,48,196608,0,0,3,0.022654,1.504531,0.460079,1.987264
overhead,1024,instanced,512,512,512,512,1,1,1,1,48,196608,0,0,4,0.063754,1.523679,0.446189,2.033622
overhead,1024,instanced,512,512,512,512,1,1,1,1,48,196608,0,0,5,0.021241,1.428058,0.451076,1.900375
overhead,1024,instanced,512,512,512,512,1,1,1,1,48,196608,0,0,6,0.018968,1.517890,0.485116,2.021974
overhead,1024,instanced,512,512,512,512,1,1,1,1,48,196608,0,0,7,0.023405,1.598520,0.418698,2.040623
overhead,1024,instanced,512,512,512,512,1,1,1,1,48,196608,0,0,8,0.022603,1.443611,0.439078,1.905292
overhead,1024,instanced,512,512,512,512,1,1,1,1,48,196608,0,0,9,0.020540,1.402260,0.412870,1.835670
overhead,1024,instanced,512,512,512,512,1,1,1,1,48,196608,0,0,10,0.018347,1.454888,0.428212,1.901447
overhead,1024,instanced,512,512,512,512,1,1,1,1,48,196608,0,0,11,0.020450,1.386006,0.537603,1.944059
overhead,1024,instanced,512,512,512,512,1,1,1,1,48,196608,0,0,12,0.020561,1.380607,0.406641,1.807809
overhead,1024,instanced,512,512,512,512,1,1,1,1,48,196608,0,0,13,0.031997,1.441619,0.381433,1.855049
overhead,1024,instanced,512,512,512,512,1,1,1,1,48,196608,0,0,14,0.021542,1.418364,0.383966,1.823872
overhead,1024,instanced,512,512,512,512,1,1,1,1,48,196608,0,0,15,0.020130,1.371424,0.371368,1.762922
overhead,1024,instanced,512,512,512,512,1,1,1,1,48,196608,0,0,16,0.020360,1.403842,0.429323,1.853525
overhead,1024,instanced,512,512,512,512,1,1,1,1,48,196608,0,0,17,0.018758,1.446996,0.414482,1.880236
overhead,1024,instanced,512,512,512,512,1,1,1,1,48,196608,0,0,18,0.019068,1.417743,0.423445,1.860256
overhead,1024,instanced,512,512,512,512,1,1,1,1,48,196608,0,0,19,0.020319,1.404814,0.340372,1.765505
overhead,1024,instanced,512,512,512,512,1,1,1,1,48,196608,0,0,20,0.018207,1.491141,0.397377,1.906725
overhead,1024,instanced,512,512,512,512,1,1,1,1,48,196608,0,0,21,0.024045,1.694492,0.408593,2.127130
overhead,1024,instanced,512,512,512,512,1,1,1,1,48,196608,0,0,22,0.022844,1.488627,0.421112,1.932583
overhead,1024,instanced,512,512,512,512,1,1,1,1,48,196608,0,0,23,0.022102,1.433546,0.465277,1.920925
overhead,1024,instanced,512,512,512,512,1,1,1,1,48,196608,0,0,24,0.019199,1.405254,0.396355,1.820808
overhead,1024,instanced,512,512,512,512,1,1,1,1,48,196608,0,0,25,0.019770,1.453495,0.444556,1.917821
overhead,1024,instanced,512,512,512,512,1,1,1,1,48,196608,0,0,26,0.024296,1.674442,0.461831,2.160569
overhead,1024,instanced,512,512,512,512,1,1,1,1,48,196608,0,0,27,0.022824,1.510520,0.392850,1.926194
overhead,1024,instanced,512,512,512,512,1,1,1,1,48,196608,0,0,28,0.020610,1.440226,0.400822,1.861658
overhead,1024,instanced,512,512,512,512,1,1,1,1,48,196608,0,0,29,0.020911,1.499743,0.420801,1.941455
overhead,1024,instanced,512,512,512,512,1,1,1,1,48,196608,0,1,0,0.027921,1.714301,0.443474,2.185696
overhead,1024,instanced,512,512,512,512,1,1,1,1,48,196608,0,1,1,0.027140,1.419195,0.397998,1.844333
overhead,1024,instanced,512,512,512,512,1,1,1,1,48,196608,0,1,2,0.044516,1.433666,0.399500,1.877682
overhead,1024,instanced,512,512,512,512,1,1,1,1,48,196608,0,1,3,0.030425,1.565531,0.404407,2.000363
overhead,1024,instanced,512,512,512,512,1,1,1,1,48,196608,0,1,4,0.025778,1.477391,0.410896,1.914065
overhead,1024,instanced,512,512,512,512,1,1,1,1,48,196608,0,1,5,0.025808,1.532953,0.408282,1.967043
overhead,1024,instanced,512,512,512,512,1,1,1,1,48,196608,0,1,6,0.025718,1.478272,0.394783,1.898773
overhead,1024,instanced,512,512,512,512,1,1,1,1,48,196608,0,1,7,0.024817,1.647542,0.405909,2.078268
overhead,1024,instanced,512,512,512,512,1,1,1,1,48,196608,0,1,8,0.024787,1.667381,0.399559,2.091727
overhead,1024,instanced,512,512,512,512,1,1,1,1,48,196608,0,1,9,0.026129,1.819245,0.420231,2.265605
overhead,1024,instanced,512,512,512,512,1,1,1,1,48,196608,0,1,10,0.026349,1.481937,0.477365,1.985651
overhead,1024,instanced,512,512,512,512,1,1,1,1,48,196608,0,1,11,0.024005,1.444963,0.408112,1.877080
overhead,1024,instanced,512,512,512,512,1,1,1,1,48,196608,0,1,12,0.043454,1.488217,0.391658,1.923329
overhead,1024,instanced,512,512,512,512,1,1,1,1,48,196608,0,1,13,0.026850,2.490126,0.409324,2.926300
overhead,1024,instanced,512,512,512,512,1,1,1,1,48,196608,0,1,14,0.031266,1.456560,1.769106,3.256932
overhead,1024,instanced,512,512,512,512,1,1,1,1,48,196608,0,1,15,0.031717,1.515587,0.391969,1.939273
overhead,1024,instanced,512,512,512,512,1,1,1,1,48,196608,0,1,16,0.027330,1.434878,0.332421,1.794629
overhead,1024,instanced,512,512,512,512,1,1,1,1,48,196608,0,1,17,0.031567,1.505752,0.569201,2.106520
overhead,1024,instanced,512,512,512,512,1,1,1,1,48,196608,0,1,18,0.054030,1.600322,0.351449,2.005801
overhead,1024,instanced,512,512,512,512,1,1,1,1,48,196608,0,1,19,0.026689,1.395390,0.315405,1.737484
overhead,1024,instanced,512,512,512,512,1,1,1,1,48,196608,0,1,20,0.025397,1.505022,0.567588,2.098007
overhead,1024,instanced,512,512,512,512,1,1,1,1,48,196608,0,1,21,0.031426,1.442580,0.503984,1.977990
overhead,1024,instanced,512,512,512,512,1,1,1,1,48,196608,0,1,22,0.026089,1.502848,0.299722,1.828659
overhead,1024,instanced,512,512,512,512,1,1,1,1,48,196608,0,1,23,0.026149,1.435429,0.425107,1.886685
overhead,1024,instanced,512,512,512,512,1,1,1,1,48,196608,0,1,24,0.027019,1.498132,0.328395,1.853546
overhead,1024,instanced,512,512,512,512,1,1,1,1,48,196608,0,1,25,0.025818,1.357895,0.438567,1.822280
overhead,1024,instanced,512,512,512,512,1,1,1,1,48,196608,0,1,26,0.026439,1.502418,0.323217,1.852074
overhead,1024,instanced,512,512,512,512,1,1,1,1,48,196608,0,1,27,0.024847,1.484561,0.296147,1.805555
overhead,1024,instanced,512,512,512,512,1,1,1,1,48,196608,0,1,28,0.026299,1.471652,0.387031,1.884982
overhead,1024,instanced,512,512,512,512,1,1,1,1,48,196608,0,1,29,0.034891,1.844724,0.444346,2.323961
overhead,1024,individual,512,512,512,512,1024,1,1,1,48,196608,0,1,0,0.095030,1.585160,0.391058,2.071248
overhead,1024,individual,512,512,512,512,1024,1,1,1,48,196608,0,1,1,0.077094,1.684446,0.411628,2.173168
overhead,1024,individual,512,512,512,512,1024,1,1,1,48,196608,0,1,2,0.076483,1.805986,0.358099,2.240568
overhead,1024,individual,512,512,512,512,1024,1,1,1,48,196608,0,1,3,0.076023,1.587202,0.360162,2.023387
overhead,1024,individual,512,512,512,512,1024,1,1,1,48,196608,0,1,4,0.076202,1.575666,0.443936,2.095804
overhead,1024,individual,512,512,512,512,1024,1,1,1,48,196608,0,1,5,0.074940,1.562587,0.398969,2.036496
overhead,1024,individual,512,512,512,512,1024,1,1,1,48,196608,0,1,6,0.073719,1.586903,0.420020,2.080642
overhead,1024,individual,512,512,512,512,1024,1,1,1,48,196608,0,1,7,0.076223,1.588655,0.361994,2.026872
overhead,1024,individual,512,512,512,512,1024,1,1,1,48,196608,0,1,8,0.074650,1.585821,0.353813,2.014284
overhead,1024,individual,512,512,512,512,1024,1,1,1,48,196608,0,1,9,0.072707,1.604128,0.348615,2.025450
overhead,1024,individual,512,512,512,512,1024,1,1,1,48,196608,0,1,10,0.073879,1.558560,0.370487,2.002926
overhead,1024,individual,512,512,512,512,1024,1,1,1,48,196608,0,1,11,0.075000,1.642214,0.383917,2.101131
overhead,1024,individual,512,512,512,512,1024,1,1,1,48,196608,0,1,12,0.093167,1.602927,0.422814,2.118908
overhead,1024,individual,512,512,512,512,1024,1,1,1,48,196608,0,1,13,0.076783,1.588485,0.382765,2.048033
overhead,1024,individual,512,512,512,512,1024,1,1,1,48,196608,0,1,14,0.074720,1.684937,0.411107,2.170764
overhead,1024,individual,512,512,512,512,1024,1,1,1,48,196608,0,1,15,0.075030,1.589156,0.364488,2.028674
overhead,1024,individual,512,512,512,512,1024,1,1,1,48,196608,0,1,16,0.074390,1.815900,0.353132,2.243422
overhead,1024,individual,512,512,512,512,1024,1,1,1,48,196608,0,1,17,0.076212,1.882298,0.388264,2.346774
overhead,1024,individual,512,512,512,512,1024,1,1,1,48,196608,0,1,18,0.075291,1.581935,0.406340,2.063566
overhead,1024,individual,512,512,512,512,1024,1,1,1,48,196608,0,1,19,0.087099,1.606692,0.401663,2.095454
overhead,1024,individual,512,512,512,512,1024,1,1,1,48,196608,0,1,20,0.075531,1.556378,0.424366,2.056275
overhead,1024,individual,512,512,512,512,1024,1,1,1,48,196608,0,1,21,0.074220,1.567393,0.410216,2.051829
overhead,1024,individual,512,512,512,512,1024,1,1,1,48,196608,0,1,22,0.072157,1.603597,0.389625,2.065379
overhead,1024,individual,512,512,512,512,1024,1,1,1,48,196608,0,1,23,0.116001,1.664507,0.356717,2.137225
overhead,1024,individual,512,512,512,512,1024,1,1,1,48,196608,0,1,24,0.114479,1.629165,0.355164,2.098808
overhead,1024,individual,512,512,512,512,1024,1,1,1,48,196608,0,1,25,0.115190,1.631438,0.392029,2.138657
overhead,1024,individual,512,512,512,512,1024,1,1,1,48,196608,0,1,26,0.117083,1.735541,0.376176,2.228800
overhead,1024,individual,512,512,512,512,1024,1,1,1,48,196608,0,1,27,0.136191,1.746598,0.401263,2.284052
overhead,1024,individual,512,512,512,512,1024,1,1,1,48,196608,0,1,28,0.117253,1.780948,0.400041,2.298242
overhead,1024,individual,512,512,512,512,1024,1,1,1,48,196608,0,1,29,0.117293,1.705597,0.395394,2.218284
overhead,1024,individual,512,512,512,512,1024,1,1,1,48,196608,0,2,0,0.116351,1.748872,0.377908,2.243131
overhead,1024,individual,512,512,512,512,1024,1,1,1,48,196608,0,2,1,0.119347,1.740699,0.409204,2.269250
overhead,1024,individual,512,512,512,512,1024,1,1,1,48,196608,0,2,2,0.115030,1.775420,0.394162,2.284612
overhead,1024,individual,512,512,512,512,1024,1,1,1,48,196608,0,2,3,0.115460,1.708432,0.381533,2.205425
overhead,1024,individual,512,512,512,512,1024,1,1,1,48,196608,0,2,4,0.116471,1.750384,0.445909,2.312764
overhead,1024,individual,512,512,512,512,1024,1,1,1,48,196608,0,2,5,0.114780,1.672328,0.460530,2.247638
overhead,1024,individual,512,512,512,512,1024,1,1,1,48,196608,0,2,6,0.117293,1.949968,0.405538,2.472799
overhead,1024,individual,512,512,512,512,1024,1,1,1,48,196608,0,2,7,0.115791,1.773799,0.445838,2.335428
overhead,1024,individual,512,512,512,512,1024,1,1,1,48,196608,0,2,8,0.114850,1.625920,0.399890,2.140660
overhead,1024,individual,512,512,512,512,1024,1,1,1,48,196608,0,2,9,0.115140,1.650656,0.374874,2.140670
overhead,1024,individual,512,512,512,512,1024,1,1,1,48,196608,0,2,10,0.116331,1.669605,0.386880,2.172816
overhead,1024,individual,512,512,512,512,1024,1,1,1,48,196608,0,2,11,0.096021,1.696415,0.408753,2.201189
overhead,1024,individual,512,512,512,512,1024,1,1,1,48,196608,0,2,12,0.076383,1.582736,0.412849,2.071968
overhead,1024,individual,512,512,512,512,1024,1,1,1,48,196608,0,2,13,0.107439,1.649204,0.424497,2.181140
overhead,1024,individual,512,512,512,512,1024,1,1,1,48,196608,0,2,14,0.074700,1.575295,0.434732,2.084727
overhead,1024,individual,512,512,512,512,1024,1,1,1,48,196608,0,2,15,0.075342,1.621603,0.364529,2.061474
overhead,1024,individual,512,512,512,512,1024,1,1,1,48,196608,0,2,16,0.075952,1.586652,0.365580,2.028184
overhead,1024,individual,512,512,512,512,1024,1,1,1,48,196608,0,2,17,0.085136,1.515617,0.349516,1.950269
overhead,1024,individual,512,512,512,512,1024,1,1,1,48,196608,0,2,18,0.071756,1.754120,0.350006,2.175882
overhead,1024,individual,512,512,512,512,1024,1,1,1,48,196608,0,2,19,0.085356,1.571590,0.336056,1.993002
overhead,1024,individual,512,512,512,512,1024,1,1,1,48,196608,0,2,20,0.082151,1.574204,0.464316,2.120671
overhead,1024,individual,512,512,512,512,1024,1,1,1,48,196608,0,2,21,0.084535,1.508877,0.324129,1.917541
overhead,1024,individual,512,512,512,512,1024,1,1,1,48,196608,0,2,22,0.073228,1.534695,0.327454,1.935377
overhead,1024,individual,512,512,512,512,1024,1,1,1,48,196608,0,2,23,0.071736,1.553733,0.324600,1.950069
overhead,1024,individual,512,512,512,512,1024,1,1,1,48,196608,0,2,24,0.079777,1.612100,0.346111,2.037988
overhead,1024,individual,512,512,512,512,1024,1,1,1,48,196608,0,2,25,0.081591,1.479303,0.393561,1.954455
overhead,1024,individual,512,512,512,512,1024,1,1,1,48,196608,0,2,26,0.075822,1.746878,0.328545,2.151245
overhead,1024,individual,512,512,512,512,1024,1,1,1,48,196608,0,2,27,0.077394,1.575156,0.341133,1.993683
overhead,1024,individual,512,512,512,512,1024,1,1,1,48,196608,0,2,28,0.081490,1.679610,0.356176,2.117276
overhead,1024,individual,512,512,512,512,1024,1,1,1,48,196608,0,2,29,0.085566,1.540444,0.322416,1.948426
overhead,1024,instanced,512,512,512,512,1,1,1,1,48,196608,0,2,0,0.023745,1.402881,0.389795,1.816421
overhead,1024,instanced,512,512,512,512,1,1,1,1,48,196608,0,2,1,0.025769,1.519492,0.347413,1.892674
overhead,1024,instanced,512,512,512,512,1,1,1,1,48,196608,0,2,2,0.021722,1.373898,0.360953,1.756573
overhead,1024,instanced,512,512,512,512,1,1,1,1,48,196608,0,2,3,0.020019,1.403402,0.437135,1.860556
overhead,1024,instanced,512,512,512,512,1,1,1,1,48,196608,0,2,4,0.023554,1.459895,0.415844,1.899293
overhead,1024,instanced,512,512,512,512,1,1,1,1,48,196608,0,2,5,0.022223,1.565811,0.533217,2.121251
overhead,1024,instanced,512,512,512,512,1,1,1,1,48,196608,0,2,6,0.023214,1.652329,0.438367,2.113910
overhead,1024,instanced,512,512,512,512,1,1,1,1,48,196608,0,2,7,0.023845,1.463741,0.417296,1.904882
overhead,1024,instanced,512,512,512,512,1,1,1,1,48,196608,0,2,8,0.020981,1.416802,0.431747,1.869530
overhead,1024,instanced,512,512,512,512,1,1,1,1,48,196608,0,2,9,0.021021,1.501316,0.417897,1.940234
overhead,1024,instanced,512,512,512,512,1,1,1,1,48,196608,0,2,10,0.019899,1.411644,0.415723,1.847266
overhead,1024,instanced,512,512,512,512,1,1,1,1,48,196608,0,2,11,0.024295,1.480676,0.407281,1.912252
overhead,1024,instanced,512,512,512,512,1,1,1,1,48,196608,0,2,12,0.020320,1.457001,0.406770,1.884091
overhead,1024,instanced,512,512,512,512,1,1,1,1,48,196608,0,2,13,0.019599,1.375430,0.429193,1.824222
overhead,1024,instanced,512,512,512,512,1,1,1,1,48,196608,0,2,14,0.019418,1.409801,0.412850,1.842069
overhead,1024,instanced,512,512,512,512,1,1,1,1,48,196608,0,2,15,0.018828,2.410859,0.408833,2.838520
overhead,1024,instanced,512,512,512,512,1,1,1,1,48,196608,0,2,16,0.029183,1.490931,0.458467,1.978581
overhead,1024,instanced,512,512,512,512,1,1,1,1,48,196608,0,2,17,0.026989,1.492223,0.392810,1.912022
overhead,1024,instanced,512,512,512,512,1,1,1,1,48,196608,0,2,18,0.045287,1.470000,0.409034,1.924321
overhead,1024,instanced,512,512,512,512,1,1,1,1,48,196608,0,2,19,0.026368,1.552833,0.369255,1.948456
overhead,1024,instanced,512,512,512,512,1,1,1,1,48,196608,0,2,20,0.032789,1.483139,0.345620,1.861548
overhead,1024,instanced,512,512,512,512,1,1,1,1,48,196608,0,2,21,0.026399,1.482678,0.345450,1.854527
overhead,1024,instanced,512,512,512,512,1,1,1,1,48,196608,0,2,22,0.027961,1.435329,0.314864,1.778154
overhead,1024,instanced,512,512,512,512,1,1,1,1,48,196608,0,2,23,0.026138,1.441858,0.410106,1.878102
overhead,1024,instanced,512,512,512,512,1,1,1,1,48,196608,0,2,24,0.026309,1.476940,0.347674,1.850923
overhead,1024,instanced,512,512,512,512,1,1,1,1,48,196608,0,2,25,0.027380,1.683295,0.406450,2.117125
overhead,1024,instanced,512,512,512,512,1,1,1,1,48,196608,0,2,26,0.030074,1.512272,0.381333,1.923679
overhead,1024,instanced,512,512,512,512,1,1,1,1,48,196608,0,2,27,0.026659,1.396752,0.401042,1.824453
overhead,1024,instanced,512,512,512,512,1,1,1,1,48,196608,0,2,28,0.041551,1.467546,0.357488,1.866585
overhead,1024,instanced,512,512,512,512,1,1,1,1,48,196608,0,2,29,0.025968,1.504711,0.391058,1.921737
overhead,4096,individual,512,512,512,512,4096,1,1,1,48,196608,0,0,0,0.250369,7.590565,0.475753,8.316687
overhead,4096,individual,512,512,512,512,4096,1,1,1,48,196608,0,0,1,0.263579,7.742288,0.517054,8.522921
overhead,4096,individual,512,512,512,512,4096,1,1,1,48,196608,0,0,2,0.249218,7.384009,0.496433,8.129660
overhead,4096,individual,512,512,512,512,4096,1,1,1,48,196608,0,0,3,0.240415,7.192887,0.453990,7.887292
overhead,4096,individual,512,512,512,512,4096,1,1,1,48,196608,0,0,4,0.244141,7.691628,0.440631,8.376400
overhead,4096,individual,512,512,512,512,4096,1,1,1,48,196608,0,0,5,0.249288,7.272615,0.447511,7.969414
overhead,4096,individual,512,512,512,512,4096,1,1,1,48,196608,0,0,6,0.235858,7.079971,0.460259,7.776088
overhead,4096,individual,512,512,512,512,4096,1,1,1,48,196608,0,0,7,0.252392,7.241976,0.444746,7.939114
overhead,4096,individual,512,512,512,512,4096,1,1,1,48,196608,0,0,8,0.242678,7.001014,0.512286,7.755978
overhead,4096,individual,512,512,512,512,4096,1,1,1,48,196608,0,0,9,0.241687,7.021504,0.446119,7.709310
overhead,4096,individual,512,512,512,512,4096,1,1,1,48,196608,0,0,10,0.282887,7.391301,0.433960,8.108148
overhead,4096,individual,512,512,512,512,4096,1,1,1,48,196608,0,0,11,0.277009,7.157585,0.517975,7.952569
overhead,4096,individual,512,512,512,512,4096,1,1,1,48,196608,0,0,12,0.305271,7.099820,0.457445,7.862536
overhead,4096,individual,512,512,512,512,4096,1,1,1,48,196608,0,0,13,0.282437,7.016688,0.452608,7.751733
overhead,4096,individual,512,512,512,512,4096,1,1,1,48,196608,0,0,14,0.247024,7.531282,0.459198,8.237504
overhead,4096,individual,512,512,512,512,4096,1,1,1,48,196608,0,0,15,0.240435,7.864920,1.169035,9.274390
overhead,4096,individual,512,512,512,512,4096,1,1,1,48,196608,0,0,16,0.412879,8.361703,0.533898,9.308480
overhead,4096,individual,512,512,512,512,4096,1,1,1,48,196608,0,0,17,0.368083,7.181300,0.435123,7.984506
overhead,4096,individual,512,512,512,512,4096,1,1,1,48,196608,0,0,18,0.275167,7.031479,0.486628,7.793274
overhead,4096,individual,512,512,512,512,4096,1,1,1,48,196608,0,0,19,0.254095,7.119969,0.393441,7.767505
overhead,4096,individual,512,512,512,512,4096,1,1,1,48,196608,0,0,20,0.257931,7.940180,0.396396,8.594507
overhead,4096,individual,512,512,512,512,4096,1,1,1,48,196608,0,0,21,0.244281,7.158807,0.402674,7.805762
overhead,4096,individual,512,512,512,512,4096,1,1,1,48,196608,0,0,22,0.247395,7.193208,0.403696,7.844299
overhead,4096,individual,512,512,512,512,4096,1,1,1,48,196608,0,0,23,0.252783,7.191807,0.386370,7.830960
overhead,4096,individual,512,512,512,512,4096,1,1,1,48,196608,0,0,24,0.297529,6.940535,0.442473,7.680537
overhead,4096,individual,512,512,512,512,4096,1,1,1,48,196608,0,0,25,0.237221,7.103455,0.432629,7.773305
overhead,4096,individual,512,512,512,512,4096,1,1,1,48,196608,0,0,26,0.249027,7.197905,0.465427,7.912359
overhead,4096,individual,512,512,512,512,4096,1,1,1,48,196608,0,0,27,0.242287,7.338373,0.435493,8.016153
overhead,4096,individual,512,512,512,512,4096,1,1,1,48,196608,0,0,28,0.236650,8.305179,0.413571,8.955400
overhead,4096,individual,512,512,512,512,4096,1,1,1,48,196608,0,0,29,0.245733,6.918583,0.443014,7.607330
overhead,4096,instanced,512,512,512,512,1,1,1,1,48,196608,0,0,0,0.047140,6.643577,0.446349,7.137066
overhead,4096,instanced,512,512,512,512,1,1,1,1,48,196608,0,0,1,0.030485,6.351035,0.424777,6.806297
overhead,4096,instanced,512,512,512,512,1,1,1,1,48,196608,0,0,2,0.030315,6.520765,0.414823,6.965903
overhead,4096,instanced,512,512,512,512,1,1,1,1,48,196608,0,0,3,0.029443,6.359317,0.397046,6.785806
overhead,4096,instanced,512,512,512,512,1,1,1,1,48,196608,0,0,4,0.030295,5.969121,0.389705,6.389121
overhead,4096,instanced,512,512,512,512,1,1,1,1,48,196608,0,0,5,0.027952,6.580303,0.438517,7.046772
overhead,4096,instanced,512,512,512,512,1,1,1,1,48,196608,0,0,6,0.033439,6.028389,0.498576,6.560404
overhead,4096,instanced,512,512,512,512,1,1,1,1,48,196608,0,0,7,0.046088,6.525442,0.383266,6.954796
overhead,4096,instanced,512,512,512,512,1,1,1,1,48,196608,0,0,8,0.038196,6.932003,0.498065,7.468264
overhead,4096,instanced,512,512,512,512,1,1,1,1,48,196608,0,0,9,0.034421,6.591349,0.437837,7.063607
overhead,4096,instanced,512,512,512,512,1,1,1,1,48,196608,0,0,10,0.050124,6.704797,0.400291,7.155212
overhead,4096,instanced,512,512,512,512,1,1,1,1,48,196608,0,0,11,0.038206,6.273520,0.430937,6.742663
overhead,4096,instanced,512,512,512,512,1,1,1,1,48,196608,0,0,12,0.034501,6.079715,0.488801,6.603017
overhead,4096,instanced,512,512,512,512,1,1,1,1,48,196608,0,0,13,0.032378,6.466034,0.385349,6.883761
overhead,4096,instanced,512,512,512,512,1,1,1,1,48,196608,0,0,14,0.034140,6.366137,1.195956,7.596233
overhead,4096,instanced,512,512,512,512,1,1,1,1,48,196608,0,0,15,0.038797,6.796933,0.406350,7.242080
overhead,4096,instanced,512,512,512,512,1,1,1,1,48,196608,0,0,16,0.032228,6.217818,0.788073,7.038119
overhead,4096,instanced,512,512,512,512,1,1,1,1,48,196608,0,0,17,0.030765,7.710261,0.447981,8.189007
overhead,4096,instanced,512,512,512,512,1,1,1,1,48,196608,0,0,18,0.040540,6.513444,0.449875,7.003859
overhead,4096,instanced,512,512,512,512,1,1,1,1,48,196608,0,0,19,0.041321,7.730551,0.389545,8.161417
overhead,4096,instanced,512,512,512,512,1,1,1,1,48,196608,0,0,20,0.046719,6.492764,0.403085,6.942568
overhead,4096,instanced,512,512,512,512,1,1,1,1,48,196608,0,0,21,0.050705,6.632300,0.436284,7.119289
overhead,4096,instanced,512,512,512,512,1,1,1,1,48,196608,0,0,22,0.035633,6.211689,0.380722,6.628044
overhead,4096,instanced,512,512,512,512,1,1,1,1,48,196608,0,0,23,0.036524,6.487295,0.571314,7.095133
overhead,4096,instanced,512,512,512,512,1,1,1,1,48,196608,0,0,24,0.036113,6.740140,0.435322,7.211575
overhead,4096,instanced,512,512,512,512,1,1,1,1,48,196608,0,0,25,0.042863,6.655805,0.466739,7.165407
overhead,4096,instanced,512,512,512,512,1,1,1,1,48,196608,0,0,26,0.039819,6.336473,0.424377,6.800669
overhead,4096,instanced,512,512,512,512,1,1,1,1,48,196608,0,0,27,0.033189,6.787229,0.446039,7.266457
overhead,4096,instanced,512,512,512,512,1,1,1,1,48,196608,0,0,28,0.048191,6.349322,0.577693,6.975206
overhead,4096,instanced,512,512,512,512,1,1,1,1,48,196608,0,0,29,0.037035,6.551471,0.461281,7.049787
overhead,4096,instanced,512,512,512,512,1,1,1,1,48,196608,0,1,0,0.028342,6.036891,0.396876,6.462109
overhead,4096,instanced,512,512,512,512,1,1,1,1,48,196608,0,1,1,0.027210,6.131321,0.408142,6.566673
overhead,4096,instanced,512,512,512,512,1,1,1,1,48,196608,0,1,2,0.027391,6.187854,0.437696,6.652941
overhead,4096,instanced,512,512,512,512,1,1,1,1,48,196608,0,1,3,0.028542,6.106314,0.474741,6.609597
overhead,4096,instanced,512,512,512,512,1,1,1,1,48,196608,0,1,4,0.029343,5.882854,0.359901,6.272098
overhead,4096,instanced,512,512,512,512,1,1,1,1,48,196608,0,1,5,0.035292,6.114385,0.375755,6.525432
overhead,4096,instanced,512,512,512,512,1,1,1,1,48,196608,0,1,6,0.030495,6.321411,0.375214,6.727120
overhead,4096,instanced,512,512,512,512,1,1,1,1,48,196608,0,1,7,0.028202,6.018073,0.398619,6.444894
overhead,4096,instanced,512,512,512,512,1,1,1,1,48,196608,0,1,8,0.028372,6.019405,0.358008,6.405785
overhead,4096,instanced,512,512,512,512,1,1,1,1,48,196608,0,1,9,0.029343,5.965506,0.377908,6.372757
overhead,4096,instanced,512,512,512,512,1,1,1,1,48,196608,0,1,10,0.026599,5.960839,0.419820,6.407258
overhead,4096,instanced,512,512,512,512,1,1,1,1,48,196608,0,1,11,0.024567,5.990132,0.388884,6.403583
overhead,4096,instanced,512,512,512,512,1,1,1,1,48,196608,0,1,12,0.027690,6.450172,0.384978,6.862840
overhead,4096,instanced,512,512,512,512,1,1,1,1,48,196608,0,1,13,0.029534,6.165381,0.434401,6.629316
overhead,4096,instanced,512,512,512,512,1,1,1,1,48,196608,0,1,14,0.027902,6.378004,0.346902,6.752808
overhead,4096,instanced,512,512,512,512,1,1,1,1,48,196608,0,1,15,0.036454,6.206171,0.431677,6.674302
overhead,4096,instanced,512,512,512,512,1,1,1,1,48,196608,0,1,16,0.029373,6.307250,0.383036,6.719659
overhead,4096,instanced,512,512,512,512,1,1,1,1,48,196608,0,1,17,0.027781,6.495318,0.382054,6.905153
overhead,4096,instanced,512,512,512,512,1,1,1,1,48,196608,0,1,18,0.040841,6.363423,0.414822,6.819086
overhead,4096,instanced,512,512,512,512,1,1,1,1,48,196608,0,1,19,0.041201,6.105472,0.378889,6.525562
overhead,4096,instanced,512,512,512,512,1,1,1,1,48,196608,0,1,20,0.037846,6.382572,0.411117,6.831535
overhead,4096,instanced,512,512,512,512,1,1,1,1,48,196608,0,1,21,0.032218,6.268853,0.442624,6.743695
overhead,4096,instanced,512,512,512,512,1,1,1,1,48,196608,0,1,22,0.033059,6.197348,0.474070,6.704477
overhead,4096,instanced,512,512,512,512,1,1,1,1,48,196608,0,1,23,0.047089,6.212841,0.422394,6.682324
overhead,4096,instanced,512,512,512,512,1,1,1,1,48,196608,0,1,24,0.032979,6.190157,0.424457,6.647593
overhead,4096,instanced,512,512,512,512,1,1,1,1,48,196608,0,1,25,0.033800,6.089599,0.408132,6.531531
overhead,4096,instanced,512,512,512,512,1,1,1,1,48,196608,0,1,26,0.050054,6.329483,0.424436,6.803973
overhead,4096,instanced,512,512,512,512,1,1,1,1,48,196608,0,1,27,0.049673,6.372086,0.415864,6.837623
overhead,4096,instanced,512,512,512,512,1,1,1,1,48,196608,0,1,28,0.036924,6.158311,0.448472,6.643707
overhead,4096,instanced,512,512,512,512,1,1,1,1,48,196608,0,1,29,0.031176,6.273290,0.413110,6.717576
overhead,4096,individual,512,512,512,512,4096,1,1,1,48,196608,0,1,0,0.246764,6.921357,0.401743,7.569864
overhead,4096,individual,512,512,512,512,4096,1,1,1,48,196608,0,1,1,0.272412,6.779507,0.416675,7.468594
overhead,4096,individual,512,512,512,512,4096,1,1,1,48,196608,0,1,2,0.258231,7.111427,0.482883,7.852541
overhead,4096,individual,512,512,512,512,4096,1,1,1,48,196608,0,1,3,0.246243,6.976228,0.453770,7.676241
overhead,4096,individual,512,512,512,512,4096,1,1,1,48,196608,0,1,4,0.286173,7.042195,0.478005,7.806373
overhead,4096,individual,512,512,512,512,4096,1,1,1,48,196608,0,1,5,0.244270,7.032431,0.497624,7.774325
overhead,4096,individual,512,512,512,512,4096,1,1,1,48,196608,0,1,6,0.256669,7.085499,0.470144,7.812312
overhead,4096,individual,512,512,512,512,4096,1,1,1,48,196608,0,1,7,0.247365,7.002056,0.461692,7.711113
overhead,4096,individual,512,512,512,512,4096,1,1,1,48,196608,0,1,8,0.283428,7.112810,0.463093,7.859331
overhead,4096,individual,512,512,512,512,4096,1,1,1,48,196608,0,1,9,0.262268,7.020152,0.482162,7.764582
overhead,4096,individual,512,512,512,512,4096,1,1,1,48,196608,0,1,10,0.248187,7.147651,0.557443,7.953281
overhead,4096,individual,512,512,512,512,4096,1,1,1,48,196608,0,1,11,0.252884,6.883530,0.479508,7.615922
overhead,4096,individual,512,512,512,512,4096,1,1,1,48,196608,0,1,12,0.252793,7.225245,0.452228,7.930266
overhead,4096,individual,512,512,512,512,4096,1,1,1,48,196608,0,1,13,0.251471,6.868589,0.408814,7.528874
overhead,4096,individual,512,512,512,512,4096,1,1,1,48,196608,0,1,14,0.244170,6.916460,0.403295,7.563925
overhead,4096,individual,512,512,512,512,4096,1,1,1,48,196608,0,1,15,0.246524,7.015676,0.365429,7.627629
overhead,4096,individual,512,512,512,512,4096,1,1,1,48,196608,0,1,16,0.262939,6.804313,0.410817,7.478069
overhead,4096,individual,512,512,512,512,4096,1,1,1,48,196608,0,1,17,0.256088,6.990919,0.382295,7.629302
overhead,4096,individual,512,512,512,512,4096,1,1,1,48,196608,0,1,18,0.293904,6.890962,0.443735,7.628601
overhead,4096,individual,512,512,512,512,4096,1,1,1,48,196608,0,1,19,0.260455,7.039681,0.460680,7.760816
overhead,4096,individual,512,512,512,512,4096,1,1,1,48,196608,0,1,20,0.247736,6.966884,0.418728,7.633348
overhead,4096,individual,512,512,512,512,4096,1,1,1,48,196608,0,1,21,0.285992,6.886476,0.424276,7.596744
overhead,4096,individual,512,512,512,512,4096,1,1,1,48,196608,0,1,22,0.253344,6.838555,0.464125,7.556024
overhead,4096,individual,512,512,512,512,4096,1,1,1,48,196608,0,1,23,0.251681,6.918783,0.432238,7.602702
overhead,4096,individual,512,512,512,512,4096,1,1,1,48,196608,0,1,24,0.248457,6.895719,0.458106,7.602282
overhead,4096,individual,512,512,512,512,4096,1,1,1,48,196608,0,1,25,0.253144,7.537075,0.432979,8.223198
overhead,4096,individual,512,512,512,512,4096,1,1,1,48,196608,0,1,26,0.336728,7.880883,0.462723,8.680334
overhead,4096,individual,512,512,512,512,4096,1,1,1,48,196608,0,1,27,0.257039,7.189773,0.441392,7.888204
overhead,4096,individual,512,512,512,512,4096,1,1,1,48,196608,0,1,28,0.250560,7.298203,0.427501,7.976264
overhead,4096,individual,512,512,512,512,4096,1,1,1,48,196608,0,1,29,0.276188,6.993033,0.396906,7.666127
overhead,4096,individual,512,512,512,512,4096,1,1,1,48,196608,0,2,0,0.300033,7.543811,0.457249,8.301093
overhead,4096,individual,512,512,512,512,4096,1,1,1,48,196608,0,2,1,0.265111,9.038617,0.489232,9.792960
overhead,4096,individual,512,512,512,512,4096,1,1,1,48,196608,0,2,2,0.508631,7.221780,0.497875,8.228286
overhead,4096,individual,512,512,512,512,4096,1,1,1,48,196608,0,2,3,0.325310,7.125518,0.459058,7.909886
overhead,4096,individual,512,512,512,512,4096,1,1,1,48,196608,0,2,4,0.274135,7.499420,0.453489,8.227044
overhead,4096,individual,512,512,512,512,4096,1,1,1,48,196608,0,2,5,0.265221,6.970129,0.460489,7.695839
overhead,4096,individual,512,512,512,512,4096,1,1,1,48,196608,0,2,6,0.253023,6.973154,0.425928,7.652105
overhead,4096,individual,512,512,512,512,4096,1,1,1,48,196608,0,2,7,0.301285,7.614289,0.519437,8.435011
overhead,4096,individual,512,512,512,512,4096,1,1,1,48,196608,0,2,8,0.283979,7.056887,0.379179,7.720045
overhead,4096,individual,512,512,512,512,4096,1,1,1,48,196608,0,2,9,0.287485,7.001394,0.411238,7.700117
overhead,4096,individual,512,512,512,512,4096,1,1,1,48,196608,0,2,10,0.295196,7.175762,0.415773,7.886731
overhead,4096,individual,512,512,512,512,4096,1,1,1,48,196608,0,2,11,0.277460,7.021695,0.426479,7.725634
overhead,4096,individual,512,512,512,512,4096,1,1,1,48,196608,0,2,12,0.323427,7.216042,0.436344,7.975813
overhead,4096,individual,512,512,512,512,4096,1,1,1,48,196608,0,2,13,0.316347,7.163414,0.423726,7.903487
overhead,4096,individual,512,512,512,512,4096,1,1,1,48,196608,0,2,14,0.253354,7.724167,0.390186,8.367707
overhead,4096,individual,512,512,512,512,4096,1,1,1,48,196608,0,2,15,0.271971,7.763074,0.461972,8.497017
overhead,4096,individual,512,512,512,512,4096,1,1,1,48,196608,0,2,16,0.260404,7.668650,0.446920,8.375974
overhead,4096,individual,512,512,512,512,4096,1,1,1,48,196608,0,2,17,0.367383,7.508783,0.461702,8.337868
overhead,4096,individual,512,512,512,512,4096,1,1,1,48,196608,0,2,18,0.367121,7.284323,0.462613,8.114057
overhead,4096,individual,512,512,512,512,4096,1,1,1,48,196608,0,2,19,0.358359,7.361326,0.446850,8.166535
overhead,4096,individual,512,512,512,512,4096,1,1,1,48,196608,0,2,20,0.343066,7.286455,0.464346,8.093867
overhead,4096,individual,512,512,512,512,4096,1,1,1,48,196608,0,2,21,0.331810,7.433122,0.510754,8.275686
overhead,4096,individual,512,512,512,512,4096,1,1,1,48,196608,0,2,22,0.269267,7.192898,0.509682,7.971847
overhead,4096,individual,512,512,512,512,4096,1,1,1,48,196608,0,2,23,0.276848,7.064588,0.449995,7.791431
overhead,4096,individual,512,512,512,512,4096,1,1,1,48,196608,0,2,24,0.256649,7.301618,0.454651,8.012918
overhead,4096,individual,512,512,512,512,4096,1,1,1,48,196608,0,2,25,0.251321,6.910030,0.436455,7.597806
overhead,4096,individual,512,512,512,512,4096,1,1,1,48,196608,0,2,26,0.305861,19.322252,0.413390,20.041503
overhead,4096,individual,512,512,512,512,4096,1,1,1,48,196608,0,2,27,0.412329,7.461354,0.462012,8.335695
overhead,4096,individual,512,512,512,512,4096,1,1,1,48,196608,0,2,28,0.283939,7.395647,0.431858,8.111444
overhead,4096,individual,512,512,512,512,4096,1,1,1,48,196608,0,2,29,0.279552,7.307527,0.532386,8.119465
overhead,4096,instanced,512,512,512,512,1,1,1,1,48,196608,0,2,0,0.036624,6.527455,0.436124,7.000203
overhead,4096,instanced,512,512,512,512,1,1,1,1,48,196608,0,2,1,0.033079,6.351275,0.375605,6.759959
overhead,4096,instanced,512,512,512,512,1,1,1,1,48,196608,0,2,2,0.051466,6.687342,0.362685,7.101493
overhead,4096,instanced,512,512,512,512,1,1,1,1,48,196608,0,2,3,0.043494,6.365506,0.389696,6.798696
overhead,4096,instanced,512,512,512,512,1,1,1,1,48,196608,0,2,4,0.037485,8.126816,0.499738,8.664039
overhead,4096,instanced,512,512,512,512,1,1,1,1,48,196608,0,2,5,0.062923,8.198392,0.406791,8.668106
overhead,4096,instanced,512,512,512,512,1,1,1,1,48,196608,0,2,6,0.050184,6.339608,0.399130,6.788922
overhead,4096,instanced,512,512,512,512,1,1,1,1,48,196608,0,2,7,0.034591,6.564950,0.391889,6.991430
overhead,4096,instanced,512,512,512,512,1,1,1,1,48,196608,0,2,8,0.032578,6.195305,0.380111,6.607994
overhead,4096,instanced,512,512,512,512,1,1,1,1,48,196608,0,2,9,0.030585,6.709855,0.397577,7.138017
overhead,4096,instanced,512,512,512,512,1,1,1,1,48,196608,0,2,10,0.049313,6.617248,0.364618,7.031179
overhead,4096,instanced,512,512,512,512,1,1,1,1,48,196608,0,2,11,0.031326,6.312789,0.521950,6.866065
overhead,4096,instanced,512,512,512,512,1,1,1,1,48,196608,0,2,12,0.030635,6.961786,0.404908,7.397329
overhead,4096,instanced,512,512,512,512,1,1,1,1,48,196608,0,2,13,0.032768,6.331075,0.393211,6.757054
overhead,4096,instanced,512,512,512,512,1,1,1,1,48,196608,0,2,14,0.028992,6.204359,0.427471,6.660822
overhead,4096,instanced,512,512,512,512,1,1,1,1,48,196608,0,2,15,0.031186,6.355282,0.403986,6.790454
overhead,4096,instanced,512,512,512,512,1,1,1,1,48,196608,0,2,16,0.044796,6.029360,0.412979,6.487135
overhead,4096,instanced,512,512,512,512,1,1,1,1,48,196608,0,2,17,0.032738,6.293560,0.402575,6.728873
overhead,4096,instanced,512,512,512,512,1,1,1,1,48,196608,0,2,18,0.044005,7.961672,0.396285,8.401962
overhead,4096,instanced,512,512,512,512,1,1,1,1,48,196608,0,2,19,0.031146,6.349552,0.438217,6.818915
overhead,4096,instanced,512,512,512,512,1,1,1,1,48,196608,0,2,20,0.028392,6.644618,0.400111,7.073121
overhead,4096,instanced,512,512,512,512,1,1,1,1,48,196608,0,2,21,0.030946,6.825315,0.445518,7.301779
overhead,4096,instanced,512,512,512,512,1,1,1,1,48,196608,0,2,22,0.028302,6.642706,0.427070,7.098078
overhead,4096,instanced,512,512,512,512,1,1,1,1,48,196608,0,2,23,0.028892,7.069386,0.486388,7.584666
overhead,4096,instanced,512,512,512,512,1,1,1,1,48,196608,0,2,24,0.032288,6.624488,0.411237,7.068013
overhead,4096,instanced,512,512,512,512,1,1,1,1,48,196608,0,2,25,0.028562,7.172978,0.492457,7.693997
overhead,4096,instanced,512,512,512,512,1,1,1,1,48,196608,0,2,26,0.031416,7.063947,0.454151,7.549514
overhead,4096,instanced,512,512,512,512,1,1,1,1,48,196608,0,2,27,0.193115,6.682314,0.455032,7.330461
overhead,4096,instanced,512,512,512,512,1,1,1,1,48,196608,0,2,28,0.029333,6.779437,0.431347,7.240117
overhead,4096,instanced,512,512,512,512,1,1,1,1,48,196608,0,2,29,0.027871,8.059441,0.429735,8.517047
